-- This migration is part of a feature to remove makeshift member functionality.
-- From now on, all member data should be added through migrations and treated as lookup data.
--
-- This migration cleans member tables so every environment will be consistent.


-- Remove constraints on session_member table, these will be re created at the end.
ALTER TABLE master.agenda_vote_committee_attend
DROP CONSTRAINT IF EXISTS agenda_vote_committee_attend_session_member_id_fkey;

ALTER TABLE master.bill_amendment_cosponsor
DROP CONSTRAINT IF EXISTS bill_amendment_cosponsor_session_member_id_fkey1;

ALTER TABLE master.bill_amendment_multi_sponsor
DROP CONSTRAINT IF EXISTS bill_amendment_multi_sponsor_member_id_fkey;

ALTER TABLE master.bill_amendment_vote_roll
DROP CONSTRAINT IF EXISTS bill_amendment_vote_roll_session_member_id_fkey;

ALTER TABLE master.bill_sponsor_additional
DROP CONSTRAINT IF EXISTS bill_sponsor_additional_session_member_id_fkey;

ALTER TABLE master.bill_sponsor
DROP CONSTRAINT IF EXISTS bill_sponsor_session_member_id_fkey;

ALTER TABLE master.committee_member
DROP CONSTRAINT IF EXISTS committee_member_session_member_id_fkey;


-- Delete references to bad session member ids

DELETE from master.agenda_vote_committee_attend
WHERE session_member_id NOT IN (1,2,3,4,5,6,7,8,9,10,11,12,13,14,15,16,17,18,19,20,21,22,23,24,25,26,27,28,29,30,31,32,33,34,35,36,37,38,39,40,41,42,43,44,45,46,47,48,49,50,51,52,53,54,55,56,57,58,59,60,61,62,63,64,65,66,67,68,69,70,71,72,73,74,75,76,77,78,79,80,81,82,83,84,85,86,87,88,89,90,91,92,93,94,95,96,97,98,99,100,101,102,103,104,105,106,107,108,109,110,111,112,113,114,115,116,117,118,119,120,121,122,123,124,125,126,127,128,129,130,131,132,133,134,135,136,137,138,139,140,141,142,143,144,145,146,147,148,149,150,151,152,153,154,155,156,157,158,159,160,161,162,163,164,165,166,167,168,169,170,171,172,173,174,175,176,177,178,179,180,181,182,183,184,185,186,187,188,189,190,191,192,193,194,195,196,197,198,199,200,201,202,203,204,205,206,207,211,212,213,214,215,216,217,218,219,220,221,222,223,224,225,226,230,231,232,233,234,235,236,237,238,239,241,242,243,244,245,246,247,248,249,250,251,252,253,255,256,257,258,259,260,263,264,265,266,267,268,269,270,271,272,273,274,275,276,277,278,279,280,281,282,283,284,285,286,287,288,290,291,292,293,295,296,297,298,299,300,301,302,303,304,305,306,307,308,309,310,311,312,262,227,228,208,209,210,240,254,294,313,315,317,319,321,323,325,327,329,331,333,335,338,339,340,342,344,316,318,320,322,324,326,328,330,337,341,343,345,261,332,334,314,346,347,348,349,350,351,352,353,355,357,358,359,360,361,362,363,364,365,366,367,368,369,370,371,372,373,374,376,377,378,379,380,381,382,383,384,385,386,387,388,389,390,391,392,393,394,396,397,398,399,400,401,402,403,404,405,407,408,409,410,411,412,413,414,415,416,417,418,419,420,421,422,423,424,425,426,427,428,429,430,431,432,433,434,435,436,438,439,440,441,442,443,444,445,447,448,449,452,453,454,455,456,457,458,459,460,461,462,463,464,465,466,467,468,469,470,471,472,473,474,475,476,477,478,479,480,481,482,375,450,395,406,356,437,451,354,483,484,485,486,487,489,490,491,492,494,496,497,498,499,500,501,502,503,504,505,506,488,493,495,508,509,510,511,512,513,514,516,517,518,519,520,521,522,523,524,525,526,527,528,529,530,531,532,533,534,535,536,537,538,539,540,541,542,543,544,545,546,547,548,549,550,551,552,553,554,555,556,558,559,560,561,562,563,564,565,566,567,568,569,570,571,572,573,574,575,576,577,578,579,580,581,582,583,584,585,586,587,588,589,590,591,592,593,594,595,596,597,598,599,600,601,602,603,604,605,606,607,608,609,610,611,612,613,614,615,616,617,618,619,620,622,623,624,625,626,627,628,629,630,631,633,634,635,636,637,638,639,621,641,642,643,644,645,646,647,648,649,650,651,652,653,654,655,656,640,632,557,657,658,659,662,661,663,665,666,667,668,669,670,671,710,708,728,702,697,704,705,725,696,707,701,715,695,714,694,713,719,709,703,699,698,716,700,717,718,730,706,712,722,721,724,737,731,758,732,770,733,741,753,751,757,755,771,748,759,769,745,739,736,766,764,762,734,752,774,738,747,746,740,773,775,822,788,818,783,779,799,807,803,853,852,854,850,851,855,802,809,816,778,781,785,777,776,786,806,805,808,664,782,821,811,817,787,801,804,815,813,820,812,780,784,800,810,814,847,832,849,797,825,793,798,789,790,846,792,796,794,795,848,791,831,840,839,833,835,819,830,834,841,836,727,872,877,889,720,726,884,887,871,886,878,881,856,711,885,879,723,875,693,882,883,888,874,876,873,729,761,894,868,897,902,845,826,864,827,823,859,760,860,829,842,844,837,866,895,903,865,862,869,749,905,863,750,899,861,828,870,867,890,880,891,898,765,901,904,838,756,763,742,843,896,743,772,754,900,735,893,824,768,892,858,857,906,686,907,908,912,744,915,910,909,911,914,952,939,1008,979,953,928,980,981,929,970,930,1000,949,975,934,976,977,998,1001,954,984,985,927,986,922,947,943,957,931,926,990,932,933,950,923,1009,951,1010,993,996,1003,958,978,936,994,964,992,987,966,938,937,960,969,988,935,971,989,1002,941,961,948,1004,924,999,974,945,982,919,962,920,963,955,956,921,918,940,925,995,942,983,944,946,1007,959,968,1006,1005,972,991,997,507,1017,1012,1013,1018,1011,1014,1015,1016,1040,1048,1023,1043,1039,1019,1047,1042,1041,1031,1057,1056,1029,1027,1021,1046,1045,1035,1028,1026,1036,1034,1032,1022,1053,1044,1054,1030,1049,1052,1055,1033,1038,1051,1020,1037,1024,1066,1068,1064,1071,1059,1060,1069,1058,1065,1062,1061,1067,1063,1072,1075,1077,1074,1078,1080,1081,1076,1073,1079,1082,1087,1085,1088,973,1025,1084,1086,1091,1089,1090,1095,1096,1097,1098,1099,1111,1112,1108,1100,1104,1105,1107,1110,1094,1102,1109,1093,1106,1103,1114,673,1126,1127,1121,1118,1128,1083,1101,1115,1117,1070,1113,1116,1120,1129,1119,1122,1123,1124,1125,1130,1132,1050,1133,1134,1135,1136,1139,965,1137,1140,1141,1142,1143,1144,1145,1190,1201,1193,1234,1199,1200,1229,1198,1191,1202,1240,1236,1241,1242,1220,1203,1227,1239,1231,1238,1233,1204,1222,1205,1206,1237,1223,1219,1235,1210,1232,1195,1226,1194,1207,1224,1243,1196,1211,1225,1208,1197,1192,1209,1221,1149,1147,1152,967,1148,1151,1146,1150,1154,1230,1228,1252,1248,1256,1244,916,1247,1257,1249,1253,1255,1251,1245,1250,1254,1246,767,1279,1280,1281,1282,1283,1284,1285,1286,1287,1288,1289,1290,1291,1292,1293,1294,1295,1296,1297,1298,1299,1300,1301,1302,1303,1304,1305,1306,1307,1308,1309,1310,1311,1312,1313,1314,1315,1316,1317,1318,1319,1320,1321,1322,1323,1324,1325,1326,1327,1328,1329,1330,1331,1332,1333,1334,1335,1336,1337,1338,1339,1340,1341,1342,1343,1344,1345,1346,1347,1348,1349,1350,1351,1352,1353,1354,1355,1356,1357,1358,1359,1360,1361,1362,1363,1364,1365,1366,1367,1368,1369,1370,1371,1372,1373,1374,1375,1376,1377,1378,1379,1380,1381,1382,1383,1385,1386,1387,1388,1389,1390,1391,1392,1393,1394,1395,1396,1397,1398,1399,1400,1401,1402,1403,1404,1405,1406,1407,1408,1409,1410,1411,1412,1413,1414,1415,1416,1417,1418,1437,1438,1440,1441,1446,1448,1429,1442,1430,1420,1432,1422,1425,1421,1426,1427,1428,1423,1424,1431,289,446,515,1504,1549,913);

DELETE from master.bill_amendment_cosponsor
WHERE session_member_id NOT IN (1,2,3,4,5,6,7,8,9,10,11,12,13,14,15,16,17,18,19,20,21,22,23,24,25,26,27,28,29,30,31,32,33,34,35,36,37,38,39,40,41,42,43,44,45,46,47,48,49,50,51,52,53,54,55,56,57,58,59,60,61,62,63,64,65,66,67,68,69,70,71,72,73,74,75,76,77,78,79,80,81,82,83,84,85,86,87,88,89,90,91,92,93,94,95,96,97,98,99,100,101,102,103,104,105,106,107,108,109,110,111,112,113,114,115,116,117,118,119,120,121,122,123,124,125,126,127,128,129,130,131,132,133,134,135,136,137,138,139,140,141,142,143,144,145,146,147,148,149,150,151,152,153,154,155,156,157,158,159,160,161,162,163,164,165,166,167,168,169,170,171,172,173,174,175,176,177,178,179,180,181,182,183,184,185,186,187,188,189,190,191,192,193,194,195,196,197,198,199,200,201,202,203,204,205,206,207,211,212,213,214,215,216,217,218,219,220,221,222,223,224,225,226,230,231,232,233,234,235,236,237,238,239,241,242,243,244,245,246,247,248,249,250,251,252,253,255,256,257,258,259,260,263,264,265,266,267,268,269,270,271,272,273,274,275,276,277,278,279,280,281,282,283,284,285,286,287,288,290,291,292,293,295,296,297,298,299,300,301,302,303,304,305,306,307,308,309,310,311,312,262,227,228,208,209,210,240,254,294,313,315,317,319,321,323,325,327,329,331,333,335,338,339,340,342,344,316,318,320,322,324,326,328,330,337,341,343,345,261,332,334,314,346,347,348,349,350,351,352,353,355,357,358,359,360,361,362,363,364,365,366,367,368,369,370,371,372,373,374,376,377,378,379,380,381,382,383,384,385,386,387,388,389,390,391,392,393,394,396,397,398,399,400,401,402,403,404,405,407,408,409,410,411,412,413,414,415,416,417,418,419,420,421,422,423,424,425,426,427,428,429,430,431,432,433,434,435,436,438,439,440,441,442,443,444,445,447,448,449,452,453,454,455,456,457,458,459,460,461,462,463,464,465,466,467,468,469,470,471,472,473,474,475,476,477,478,479,480,481,482,375,450,395,406,356,437,451,354,483,484,485,486,487,489,490,491,492,494,496,497,498,499,500,501,502,503,504,505,506,488,493,495,508,509,510,511,512,513,514,516,517,518,519,520,521,522,523,524,525,526,527,528,529,530,531,532,533,534,535,536,537,538,539,540,541,542,543,544,545,546,547,548,549,550,551,552,553,554,555,556,558,559,560,561,562,563,564,565,566,567,568,569,570,571,572,573,574,575,576,577,578,579,580,581,582,583,584,585,586,587,588,589,590,591,592,593,594,595,596,597,598,599,600,601,602,603,604,605,606,607,608,609,610,611,612,613,614,615,616,617,618,619,620,622,623,624,625,626,627,628,629,630,631,633,634,635,636,637,638,639,621,641,642,643,644,645,646,647,648,649,650,651,652,653,654,655,656,640,632,557,657,658,659,662,661,663,665,666,667,668,669,670,671,710,708,728,702,697,704,705,725,696,707,701,715,695,714,694,713,719,709,703,699,698,716,700,717,718,730,706,712,722,721,724,737,731,758,732,770,733,741,753,751,757,755,771,748,759,769,745,739,736,766,764,762,734,752,774,738,747,746,740,773,775,822,788,818,783,779,799,807,803,853,852,854,850,851,855,802,809,816,778,781,785,777,776,786,806,805,808,664,782,821,811,817,787,801,804,815,813,820,812,780,784,800,810,814,847,832,849,797,825,793,798,789,790,846,792,796,794,795,848,791,831,840,839,833,835,819,830,834,841,836,727,872,877,889,720,726,884,887,871,886,878,881,856,711,885,879,723,875,693,882,883,888,874,876,873,729,761,894,868,897,902,845,826,864,827,823,859,760,860,829,842,844,837,866,895,903,865,862,869,749,905,863,750,899,861,828,870,867,890,880,891,898,765,901,904,838,756,763,742,843,896,743,772,754,900,735,893,824,768,892,858,857,906,686,907,908,912,744,915,910,909,911,914,952,939,1008,979,953,928,980,981,929,970,930,1000,949,975,934,976,977,998,1001,954,984,985,927,986,922,947,943,957,931,926,990,932,933,950,923,1009,951,1010,993,996,1003,958,978,936,994,964,992,987,966,938,937,960,969,988,935,971,989,1002,941,961,948,1004,924,999,974,945,982,919,962,920,963,955,956,921,918,940,925,995,942,983,944,946,1007,959,968,1006,1005,972,991,997,507,1017,1012,1013,1018,1011,1014,1015,1016,1040,1048,1023,1043,1039,1019,1047,1042,1041,1031,1057,1056,1029,1027,1021,1046,1045,1035,1028,1026,1036,1034,1032,1022,1053,1044,1054,1030,1049,1052,1055,1033,1038,1051,1020,1037,1024,1066,1068,1064,1071,1059,1060,1069,1058,1065,1062,1061,1067,1063,1072,1075,1077,1074,1078,1080,1081,1076,1073,1079,1082,1087,1085,1088,973,1025,1084,1086,1091,1089,1090,1095,1096,1097,1098,1099,1111,1112,1108,1100,1104,1105,1107,1110,1094,1102,1109,1093,1106,1103,1114,673,1126,1127,1121,1118,1128,1083,1101,1115,1117,1070,1113,1116,1120,1129,1119,1122,1123,1124,1125,1130,1132,1050,1133,1134,1135,1136,1139,965,1137,1140,1141,1142,1143,1144,1145,1190,1201,1193,1234,1199,1200,1229,1198,1191,1202,1240,1236,1241,1242,1220,1203,1227,1239,1231,1238,1233,1204,1222,1205,1206,1237,1223,1219,1235,1210,1232,1195,1226,1194,1207,1224,1243,1196,1211,1225,1208,1197,1192,1209,1221,1149,1147,1152,967,1148,1151,1146,1150,1154,1230,1228,1252,1248,1256,1244,916,1247,1257,1249,1253,1255,1251,1245,1250,1254,1246,767,1279,1280,1281,1282,1283,1284,1285,1286,1287,1288,1289,1290,1291,1292,1293,1294,1295,1296,1297,1298,1299,1300,1301,1302,1303,1304,1305,1306,1307,1308,1309,1310,1311,1312,1313,1314,1315,1316,1317,1318,1319,1320,1321,1322,1323,1324,1325,1326,1327,1328,1329,1330,1331,1332,1333,1334,1335,1336,1337,1338,1339,1340,1341,1342,1343,1344,1345,1346,1347,1348,1349,1350,1351,1352,1353,1354,1355,1356,1357,1358,1359,1360,1361,1362,1363,1364,1365,1366,1367,1368,1369,1370,1371,1372,1373,1374,1375,1376,1377,1378,1379,1380,1381,1382,1383,1385,1386,1387,1388,1389,1390,1391,1392,1393,1394,1395,1396,1397,1398,1399,1400,1401,1402,1403,1404,1405,1406,1407,1408,1409,1410,1411,1412,1413,1414,1415,1416,1417,1418,1437,1438,1440,1441,1446,1448,1429,1442,1430,1420,1432,1422,1425,1421,1426,1427,1428,1423,1424,1431,289,446,515,1504,1549,913);

DELETE from master.bill_amendment_multi_sponsor
WHERE session_member_id NOT IN (1,2,3,4,5,6,7,8,9,10,11,12,13,14,15,16,17,18,19,20,21,22,23,24,25,26,27,28,29,30,31,32,33,34,35,36,37,38,39,40,41,42,43,44,45,46,47,48,49,50,51,52,53,54,55,56,57,58,59,60,61,62,63,64,65,66,67,68,69,70,71,72,73,74,75,76,77,78,79,80,81,82,83,84,85,86,87,88,89,90,91,92,93,94,95,96,97,98,99,100,101,102,103,104,105,106,107,108,109,110,111,112,113,114,115,116,117,118,119,120,121,122,123,124,125,126,127,128,129,130,131,132,133,134,135,136,137,138,139,140,141,142,143,144,145,146,147,148,149,150,151,152,153,154,155,156,157,158,159,160,161,162,163,164,165,166,167,168,169,170,171,172,173,174,175,176,177,178,179,180,181,182,183,184,185,186,187,188,189,190,191,192,193,194,195,196,197,198,199,200,201,202,203,204,205,206,207,211,212,213,214,215,216,217,218,219,220,221,222,223,224,225,226,230,231,232,233,234,235,236,237,238,239,241,242,243,244,245,246,247,248,249,250,251,252,253,255,256,257,258,259,260,263,264,265,266,267,268,269,270,271,272,273,274,275,276,277,278,279,280,281,282,283,284,285,286,287,288,290,291,292,293,295,296,297,298,299,300,301,302,303,304,305,306,307,308,309,310,311,312,262,227,228,208,209,210,240,254,294,313,315,317,319,321,323,325,327,329,331,333,335,338,339,340,342,344,316,318,320,322,324,326,328,330,337,341,343,345,261,332,334,314,346,347,348,349,350,351,352,353,355,357,358,359,360,361,362,363,364,365,366,367,368,369,370,371,372,373,374,376,377,378,379,380,381,382,383,384,385,386,387,388,389,390,391,392,393,394,396,397,398,399,400,401,402,403,404,405,407,408,409,410,411,412,413,414,415,416,417,418,419,420,421,422,423,424,425,426,427,428,429,430,431,432,433,434,435,436,438,439,440,441,442,443,444,445,447,448,449,452,453,454,455,456,457,458,459,460,461,462,463,464,465,466,467,468,469,470,471,472,473,474,475,476,477,478,479,480,481,482,375,450,395,406,356,437,451,354,483,484,485,486,487,489,490,491,492,494,496,497,498,499,500,501,502,503,504,505,506,488,493,495,508,509,510,511,512,513,514,516,517,518,519,520,521,522,523,524,525,526,527,528,529,530,531,532,533,534,535,536,537,538,539,540,541,542,543,544,545,546,547,548,549,550,551,552,553,554,555,556,558,559,560,561,562,563,564,565,566,567,568,569,570,571,572,573,574,575,576,577,578,579,580,581,582,583,584,585,586,587,588,589,590,591,592,593,594,595,596,597,598,599,600,601,602,603,604,605,606,607,608,609,610,611,612,613,614,615,616,617,618,619,620,622,623,624,625,626,627,628,629,630,631,633,634,635,636,637,638,639,621,641,642,643,644,645,646,647,648,649,650,651,652,653,654,655,656,640,632,557,657,658,659,662,661,663,665,666,667,668,669,670,671,710,708,728,702,697,704,705,725,696,707,701,715,695,714,694,713,719,709,703,699,698,716,700,717,718,730,706,712,722,721,724,737,731,758,732,770,733,741,753,751,757,755,771,748,759,769,745,739,736,766,764,762,734,752,774,738,747,746,740,773,775,822,788,818,783,779,799,807,803,853,852,854,850,851,855,802,809,816,778,781,785,777,776,786,806,805,808,664,782,821,811,817,787,801,804,815,813,820,812,780,784,800,810,814,847,832,849,797,825,793,798,789,790,846,792,796,794,795,848,791,831,840,839,833,835,819,830,834,841,836,727,872,877,889,720,726,884,887,871,886,878,881,856,711,885,879,723,875,693,882,883,888,874,876,873,729,761,894,868,897,902,845,826,864,827,823,859,760,860,829,842,844,837,866,895,903,865,862,869,749,905,863,750,899,861,828,870,867,890,880,891,898,765,901,904,838,756,763,742,843,896,743,772,754,900,735,893,824,768,892,858,857,906,686,907,908,912,744,915,910,909,911,914,952,939,1008,979,953,928,980,981,929,970,930,1000,949,975,934,976,977,998,1001,954,984,985,927,986,922,947,943,957,931,926,990,932,933,950,923,1009,951,1010,993,996,1003,958,978,936,994,964,992,987,966,938,937,960,969,988,935,971,989,1002,941,961,948,1004,924,999,974,945,982,919,962,920,963,955,956,921,918,940,925,995,942,983,944,946,1007,959,968,1006,1005,972,991,997,507,1017,1012,1013,1018,1011,1014,1015,1016,1040,1048,1023,1043,1039,1019,1047,1042,1041,1031,1057,1056,1029,1027,1021,1046,1045,1035,1028,1026,1036,1034,1032,1022,1053,1044,1054,1030,1049,1052,1055,1033,1038,1051,1020,1037,1024,1066,1068,1064,1071,1059,1060,1069,1058,1065,1062,1061,1067,1063,1072,1075,1077,1074,1078,1080,1081,1076,1073,1079,1082,1087,1085,1088,973,1025,1084,1086,1091,1089,1090,1095,1096,1097,1098,1099,1111,1112,1108,1100,1104,1105,1107,1110,1094,1102,1109,1093,1106,1103,1114,673,1126,1127,1121,1118,1128,1083,1101,1115,1117,1070,1113,1116,1120,1129,1119,1122,1123,1124,1125,1130,1132,1050,1133,1134,1135,1136,1139,965,1137,1140,1141,1142,1143,1144,1145,1190,1201,1193,1234,1199,1200,1229,1198,1191,1202,1240,1236,1241,1242,1220,1203,1227,1239,1231,1238,1233,1204,1222,1205,1206,1237,1223,1219,1235,1210,1232,1195,1226,1194,1207,1224,1243,1196,1211,1225,1208,1197,1192,1209,1221,1149,1147,1152,967,1148,1151,1146,1150,1154,1230,1228,1252,1248,1256,1244,916,1247,1257,1249,1253,1255,1251,1245,1250,1254,1246,767,1279,1280,1281,1282,1283,1284,1285,1286,1287,1288,1289,1290,1291,1292,1293,1294,1295,1296,1297,1298,1299,1300,1301,1302,1303,1304,1305,1306,1307,1308,1309,1310,1311,1312,1313,1314,1315,1316,1317,1318,1319,1320,1321,1322,1323,1324,1325,1326,1327,1328,1329,1330,1331,1332,1333,1334,1335,1336,1337,1338,1339,1340,1341,1342,1343,1344,1345,1346,1347,1348,1349,1350,1351,1352,1353,1354,1355,1356,1357,1358,1359,1360,1361,1362,1363,1364,1365,1366,1367,1368,1369,1370,1371,1372,1373,1374,1375,1376,1377,1378,1379,1380,1381,1382,1383,1385,1386,1387,1388,1389,1390,1391,1392,1393,1394,1395,1396,1397,1398,1399,1400,1401,1402,1403,1404,1405,1406,1407,1408,1409,1410,1411,1412,1413,1414,1415,1416,1417,1418,1437,1438,1440,1441,1446,1448,1429,1442,1430,1420,1432,1422,1425,1421,1426,1427,1428,1423,1424,1431,289,446,515,1504,1549,913);

DELETE from master.bill_amendment_vote_roll
WHERE session_member_id NOT IN (1,2,3,4,5,6,7,8,9,10,11,12,13,14,15,16,17,18,19,20,21,22,23,24,25,26,27,28,29,30,31,32,33,34,35,36,37,38,39,40,41,42,43,44,45,46,47,48,49,50,51,52,53,54,55,56,57,58,59,60,61,62,63,64,65,66,67,68,69,70,71,72,73,74,75,76,77,78,79,80,81,82,83,84,85,86,87,88,89,90,91,92,93,94,95,96,97,98,99,100,101,102,103,104,105,106,107,108,109,110,111,112,113,114,115,116,117,118,119,120,121,122,123,124,125,126,127,128,129,130,131,132,133,134,135,136,137,138,139,140,141,142,143,144,145,146,147,148,149,150,151,152,153,154,155,156,157,158,159,160,161,162,163,164,165,166,167,168,169,170,171,172,173,174,175,176,177,178,179,180,181,182,183,184,185,186,187,188,189,190,191,192,193,194,195,196,197,198,199,200,201,202,203,204,205,206,207,211,212,213,214,215,216,217,218,219,220,221,222,223,224,225,226,230,231,232,233,234,235,236,237,238,239,241,242,243,244,245,246,247,248,249,250,251,252,253,255,256,257,258,259,260,263,264,265,266,267,268,269,270,271,272,273,274,275,276,277,278,279,280,281,282,283,284,285,286,287,288,290,291,292,293,295,296,297,298,299,300,301,302,303,304,305,306,307,308,309,310,311,312,262,227,228,208,209,210,240,254,294,313,315,317,319,321,323,325,327,329,331,333,335,338,339,340,342,344,316,318,320,322,324,326,328,330,337,341,343,345,261,332,334,314,346,347,348,349,350,351,352,353,355,357,358,359,360,361,362,363,364,365,366,367,368,369,370,371,372,373,374,376,377,378,379,380,381,382,383,384,385,386,387,388,389,390,391,392,393,394,396,397,398,399,400,401,402,403,404,405,407,408,409,410,411,412,413,414,415,416,417,418,419,420,421,422,423,424,425,426,427,428,429,430,431,432,433,434,435,436,438,439,440,441,442,443,444,445,447,448,449,452,453,454,455,456,457,458,459,460,461,462,463,464,465,466,467,468,469,470,471,472,473,474,475,476,477,478,479,480,481,482,375,450,395,406,356,437,451,354,483,484,485,486,487,489,490,491,492,494,496,497,498,499,500,501,502,503,504,505,506,488,493,495,508,509,510,511,512,513,514,516,517,518,519,520,521,522,523,524,525,526,527,528,529,530,531,532,533,534,535,536,537,538,539,540,541,542,543,544,545,546,547,548,549,550,551,552,553,554,555,556,558,559,560,561,562,563,564,565,566,567,568,569,570,571,572,573,574,575,576,577,578,579,580,581,582,583,584,585,586,587,588,589,590,591,592,593,594,595,596,597,598,599,600,601,602,603,604,605,606,607,608,609,610,611,612,613,614,615,616,617,618,619,620,622,623,624,625,626,627,628,629,630,631,633,634,635,636,637,638,639,621,641,642,643,644,645,646,647,648,649,650,651,652,653,654,655,656,640,632,557,657,658,659,662,661,663,665,666,667,668,669,670,671,710,708,728,702,697,704,705,725,696,707,701,715,695,714,694,713,719,709,703,699,698,716,700,717,718,730,706,712,722,721,724,737,731,758,732,770,733,741,753,751,757,755,771,748,759,769,745,739,736,766,764,762,734,752,774,738,747,746,740,773,775,822,788,818,783,779,799,807,803,853,852,854,850,851,855,802,809,816,778,781,785,777,776,786,806,805,808,664,782,821,811,817,787,801,804,815,813,820,812,780,784,800,810,814,847,832,849,797,825,793,798,789,790,846,792,796,794,795,848,791,831,840,839,833,835,819,830,834,841,836,727,872,877,889,720,726,884,887,871,886,878,881,856,711,885,879,723,875,693,882,883,888,874,876,873,729,761,894,868,897,902,845,826,864,827,823,859,760,860,829,842,844,837,866,895,903,865,862,869,749,905,863,750,899,861,828,870,867,890,880,891,898,765,901,904,838,756,763,742,843,896,743,772,754,900,735,893,824,768,892,858,857,906,686,907,908,912,744,915,910,909,911,914,952,939,1008,979,953,928,980,981,929,970,930,1000,949,975,934,976,977,998,1001,954,984,985,927,986,922,947,943,957,931,926,990,932,933,950,923,1009,951,1010,993,996,1003,958,978,936,994,964,992,987,966,938,937,960,969,988,935,971,989,1002,941,961,948,1004,924,999,974,945,982,919,962,920,963,955,956,921,918,940,925,995,942,983,944,946,1007,959,968,1006,1005,972,991,997,507,1017,1012,1013,1018,1011,1014,1015,1016,1040,1048,1023,1043,1039,1019,1047,1042,1041,1031,1057,1056,1029,1027,1021,1046,1045,1035,1028,1026,1036,1034,1032,1022,1053,1044,1054,1030,1049,1052,1055,1033,1038,1051,1020,1037,1024,1066,1068,1064,1071,1059,1060,1069,1058,1065,1062,1061,1067,1063,1072,1075,1077,1074,1078,1080,1081,1076,1073,1079,1082,1087,1085,1088,973,1025,1084,1086,1091,1089,1090,1095,1096,1097,1098,1099,1111,1112,1108,1100,1104,1105,1107,1110,1094,1102,1109,1093,1106,1103,1114,673,1126,1127,1121,1118,1128,1083,1101,1115,1117,1070,1113,1116,1120,1129,1119,1122,1123,1124,1125,1130,1132,1050,1133,1134,1135,1136,1139,965,1137,1140,1141,1142,1143,1144,1145,1190,1201,1193,1234,1199,1200,1229,1198,1191,1202,1240,1236,1241,1242,1220,1203,1227,1239,1231,1238,1233,1204,1222,1205,1206,1237,1223,1219,1235,1210,1232,1195,1226,1194,1207,1224,1243,1196,1211,1225,1208,1197,1192,1209,1221,1149,1147,1152,967,1148,1151,1146,1150,1154,1230,1228,1252,1248,1256,1244,916,1247,1257,1249,1253,1255,1251,1245,1250,1254,1246,767,1279,1280,1281,1282,1283,1284,1285,1286,1287,1288,1289,1290,1291,1292,1293,1294,1295,1296,1297,1298,1299,1300,1301,1302,1303,1304,1305,1306,1307,1308,1309,1310,1311,1312,1313,1314,1315,1316,1317,1318,1319,1320,1321,1322,1323,1324,1325,1326,1327,1328,1329,1330,1331,1332,1333,1334,1335,1336,1337,1338,1339,1340,1341,1342,1343,1344,1345,1346,1347,1348,1349,1350,1351,1352,1353,1354,1355,1356,1357,1358,1359,1360,1361,1362,1363,1364,1365,1366,1367,1368,1369,1370,1371,1372,1373,1374,1375,1376,1377,1378,1379,1380,1381,1382,1383,1385,1386,1387,1388,1389,1390,1391,1392,1393,1394,1395,1396,1397,1398,1399,1400,1401,1402,1403,1404,1405,1406,1407,1408,1409,1410,1411,1412,1413,1414,1415,1416,1417,1418,1437,1438,1440,1441,1446,1448,1429,1442,1430,1420,1432,1422,1425,1421,1426,1427,1428,1423,1424,1431,289,446,515,1504,1549,913);

DELETE from master.bill_sponsor_additional
WHERE session_member_id NOT IN (1,2,3,4,5,6,7,8,9,10,11,12,13,14,15,16,17,18,19,20,21,22,23,24,25,26,27,28,29,30,31,32,33,34,35,36,37,38,39,40,41,42,43,44,45,46,47,48,49,50,51,52,53,54,55,56,57,58,59,60,61,62,63,64,65,66,67,68,69,70,71,72,73,74,75,76,77,78,79,80,81,82,83,84,85,86,87,88,89,90,91,92,93,94,95,96,97,98,99,100,101,102,103,104,105,106,107,108,109,110,111,112,113,114,115,116,117,118,119,120,121,122,123,124,125,126,127,128,129,130,131,132,133,134,135,136,137,138,139,140,141,142,143,144,145,146,147,148,149,150,151,152,153,154,155,156,157,158,159,160,161,162,163,164,165,166,167,168,169,170,171,172,173,174,175,176,177,178,179,180,181,182,183,184,185,186,187,188,189,190,191,192,193,194,195,196,197,198,199,200,201,202,203,204,205,206,207,211,212,213,214,215,216,217,218,219,220,221,222,223,224,225,226,230,231,232,233,234,235,236,237,238,239,241,242,243,244,245,246,247,248,249,250,251,252,253,255,256,257,258,259,260,263,264,265,266,267,268,269,270,271,272,273,274,275,276,277,278,279,280,281,282,283,284,285,286,287,288,290,291,292,293,295,296,297,298,299,300,301,302,303,304,305,306,307,308,309,310,311,312,262,227,228,208,209,210,240,254,294,313,315,317,319,321,323,325,327,329,331,333,335,338,339,340,342,344,316,318,320,322,324,326,328,330,337,341,343,345,261,332,334,314,346,347,348,349,350,351,352,353,355,357,358,359,360,361,362,363,364,365,366,367,368,369,370,371,372,373,374,376,377,378,379,380,381,382,383,384,385,386,387,388,389,390,391,392,393,394,396,397,398,399,400,401,402,403,404,405,407,408,409,410,411,412,413,414,415,416,417,418,419,420,421,422,423,424,425,426,427,428,429,430,431,432,433,434,435,436,438,439,440,441,442,443,444,445,447,448,449,452,453,454,455,456,457,458,459,460,461,462,463,464,465,466,467,468,469,470,471,472,473,474,475,476,477,478,479,480,481,482,375,450,395,406,356,437,451,354,483,484,485,486,487,489,490,491,492,494,496,497,498,499,500,501,502,503,504,505,506,488,493,495,508,509,510,511,512,513,514,516,517,518,519,520,521,522,523,524,525,526,527,528,529,530,531,532,533,534,535,536,537,538,539,540,541,542,543,544,545,546,547,548,549,550,551,552,553,554,555,556,558,559,560,561,562,563,564,565,566,567,568,569,570,571,572,573,574,575,576,577,578,579,580,581,582,583,584,585,586,587,588,589,590,591,592,593,594,595,596,597,598,599,600,601,602,603,604,605,606,607,608,609,610,611,612,613,614,615,616,617,618,619,620,622,623,624,625,626,627,628,629,630,631,633,634,635,636,637,638,639,621,641,642,643,644,645,646,647,648,649,650,651,652,653,654,655,656,640,632,557,657,658,659,662,661,663,665,666,667,668,669,670,671,710,708,728,702,697,704,705,725,696,707,701,715,695,714,694,713,719,709,703,699,698,716,700,717,718,730,706,712,722,721,724,737,731,758,732,770,733,741,753,751,757,755,771,748,759,769,745,739,736,766,764,762,734,752,774,738,747,746,740,773,775,822,788,818,783,779,799,807,803,853,852,854,850,851,855,802,809,816,778,781,785,777,776,786,806,805,808,664,782,821,811,817,787,801,804,815,813,820,812,780,784,800,810,814,847,832,849,797,825,793,798,789,790,846,792,796,794,795,848,791,831,840,839,833,835,819,830,834,841,836,727,872,877,889,720,726,884,887,871,886,878,881,856,711,885,879,723,875,693,882,883,888,874,876,873,729,761,894,868,897,902,845,826,864,827,823,859,760,860,829,842,844,837,866,895,903,865,862,869,749,905,863,750,899,861,828,870,867,890,880,891,898,765,901,904,838,756,763,742,843,896,743,772,754,900,735,893,824,768,892,858,857,906,686,907,908,912,744,915,910,909,911,914,952,939,1008,979,953,928,980,981,929,970,930,1000,949,975,934,976,977,998,1001,954,984,985,927,986,922,947,943,957,931,926,990,932,933,950,923,1009,951,1010,993,996,1003,958,978,936,994,964,992,987,966,938,937,960,969,988,935,971,989,1002,941,961,948,1004,924,999,974,945,982,919,962,920,963,955,956,921,918,940,925,995,942,983,944,946,1007,959,968,1006,1005,972,991,997,507,1017,1012,1013,1018,1011,1014,1015,1016,1040,1048,1023,1043,1039,1019,1047,1042,1041,1031,1057,1056,1029,1027,1021,1046,1045,1035,1028,1026,1036,1034,1032,1022,1053,1044,1054,1030,1049,1052,1055,1033,1038,1051,1020,1037,1024,1066,1068,1064,1071,1059,1060,1069,1058,1065,1062,1061,1067,1063,1072,1075,1077,1074,1078,1080,1081,1076,1073,1079,1082,1087,1085,1088,973,1025,1084,1086,1091,1089,1090,1095,1096,1097,1098,1099,1111,1112,1108,1100,1104,1105,1107,1110,1094,1102,1109,1093,1106,1103,1114,673,1126,1127,1121,1118,1128,1083,1101,1115,1117,1070,1113,1116,1120,1129,1119,1122,1123,1124,1125,1130,1132,1050,1133,1134,1135,1136,1139,965,1137,1140,1141,1142,1143,1144,1145,1190,1201,1193,1234,1199,1200,1229,1198,1191,1202,1240,1236,1241,1242,1220,1203,1227,1239,1231,1238,1233,1204,1222,1205,1206,1237,1223,1219,1235,1210,1232,1195,1226,1194,1207,1224,1243,1196,1211,1225,1208,1197,1192,1209,1221,1149,1147,1152,967,1148,1151,1146,1150,1154,1230,1228,1252,1248,1256,1244,916,1247,1257,1249,1253,1255,1251,1245,1250,1254,1246,767,1279,1280,1281,1282,1283,1284,1285,1286,1287,1288,1289,1290,1291,1292,1293,1294,1295,1296,1297,1298,1299,1300,1301,1302,1303,1304,1305,1306,1307,1308,1309,1310,1311,1312,1313,1314,1315,1316,1317,1318,1319,1320,1321,1322,1323,1324,1325,1326,1327,1328,1329,1330,1331,1332,1333,1334,1335,1336,1337,1338,1339,1340,1341,1342,1343,1344,1345,1346,1347,1348,1349,1350,1351,1352,1353,1354,1355,1356,1357,1358,1359,1360,1361,1362,1363,1364,1365,1366,1367,1368,1369,1370,1371,1372,1373,1374,1375,1376,1377,1378,1379,1380,1381,1382,1383,1385,1386,1387,1388,1389,1390,1391,1392,1393,1394,1395,1396,1397,1398,1399,1400,1401,1402,1403,1404,1405,1406,1407,1408,1409,1410,1411,1412,1413,1414,1415,1416,1417,1418,1437,1438,1440,1441,1446,1448,1429,1442,1430,1420,1432,1422,1425,1421,1426,1427,1428,1423,1424,1431,289,446,515,1504,1549,913);

DELETE from master.bill_sponsor
WHERE session_member_id NOT IN (1,2,3,4,5,6,7,8,9,10,11,12,13,14,15,16,17,18,19,20,21,22,23,24,25,26,27,28,29,30,31,32,33,34,35,36,37,38,39,40,41,42,43,44,45,46,47,48,49,50,51,52,53,54,55,56,57,58,59,60,61,62,63,64,65,66,67,68,69,70,71,72,73,74,75,76,77,78,79,80,81,82,83,84,85,86,87,88,89,90,91,92,93,94,95,96,97,98,99,100,101,102,103,104,105,106,107,108,109,110,111,112,113,114,115,116,117,118,119,120,121,122,123,124,125,126,127,128,129,130,131,132,133,134,135,136,137,138,139,140,141,142,143,144,145,146,147,148,149,150,151,152,153,154,155,156,157,158,159,160,161,162,163,164,165,166,167,168,169,170,171,172,173,174,175,176,177,178,179,180,181,182,183,184,185,186,187,188,189,190,191,192,193,194,195,196,197,198,199,200,201,202,203,204,205,206,207,211,212,213,214,215,216,217,218,219,220,221,222,223,224,225,226,230,231,232,233,234,235,236,237,238,239,241,242,243,244,245,246,247,248,249,250,251,252,253,255,256,257,258,259,260,263,264,265,266,267,268,269,270,271,272,273,274,275,276,277,278,279,280,281,282,283,284,285,286,287,288,290,291,292,293,295,296,297,298,299,300,301,302,303,304,305,306,307,308,309,310,311,312,262,227,228,208,209,210,240,254,294,313,315,317,319,321,323,325,327,329,331,333,335,338,339,340,342,344,316,318,320,322,324,326,328,330,337,341,343,345,261,332,334,314,346,347,348,349,350,351,352,353,355,357,358,359,360,361,362,363,364,365,366,367,368,369,370,371,372,373,374,376,377,378,379,380,381,382,383,384,385,386,387,388,389,390,391,392,393,394,396,397,398,399,400,401,402,403,404,405,407,408,409,410,411,412,413,414,415,416,417,418,419,420,421,422,423,424,425,426,427,428,429,430,431,432,433,434,435,436,438,439,440,441,442,443,444,445,447,448,449,452,453,454,455,456,457,458,459,460,461,462,463,464,465,466,467,468,469,470,471,472,473,474,475,476,477,478,479,480,481,482,375,450,395,406,356,437,451,354,483,484,485,486,487,489,490,491,492,494,496,497,498,499,500,501,502,503,504,505,506,488,493,495,508,509,510,511,512,513,514,516,517,518,519,520,521,522,523,524,525,526,527,528,529,530,531,532,533,534,535,536,537,538,539,540,541,542,543,544,545,546,547,548,549,550,551,552,553,554,555,556,558,559,560,561,562,563,564,565,566,567,568,569,570,571,572,573,574,575,576,577,578,579,580,581,582,583,584,585,586,587,588,589,590,591,592,593,594,595,596,597,598,599,600,601,602,603,604,605,606,607,608,609,610,611,612,613,614,615,616,617,618,619,620,622,623,624,625,626,627,628,629,630,631,633,634,635,636,637,638,639,621,641,642,643,644,645,646,647,648,649,650,651,652,653,654,655,656,640,632,557,657,658,659,662,661,663,665,666,667,668,669,670,671,710,708,728,702,697,704,705,725,696,707,701,715,695,714,694,713,719,709,703,699,698,716,700,717,718,730,706,712,722,721,724,737,731,758,732,770,733,741,753,751,757,755,771,748,759,769,745,739,736,766,764,762,734,752,774,738,747,746,740,773,775,822,788,818,783,779,799,807,803,853,852,854,850,851,855,802,809,816,778,781,785,777,776,786,806,805,808,664,782,821,811,817,787,801,804,815,813,820,812,780,784,800,810,814,847,832,849,797,825,793,798,789,790,846,792,796,794,795,848,791,831,840,839,833,835,819,830,834,841,836,727,872,877,889,720,726,884,887,871,886,878,881,856,711,885,879,723,875,693,882,883,888,874,876,873,729,761,894,868,897,902,845,826,864,827,823,859,760,860,829,842,844,837,866,895,903,865,862,869,749,905,863,750,899,861,828,870,867,890,880,891,898,765,901,904,838,756,763,742,843,896,743,772,754,900,735,893,824,768,892,858,857,906,686,907,908,912,744,915,910,909,911,914,952,939,1008,979,953,928,980,981,929,970,930,1000,949,975,934,976,977,998,1001,954,984,985,927,986,922,947,943,957,931,926,990,932,933,950,923,1009,951,1010,993,996,1003,958,978,936,994,964,992,987,966,938,937,960,969,988,935,971,989,1002,941,961,948,1004,924,999,974,945,982,919,962,920,963,955,956,921,918,940,925,995,942,983,944,946,1007,959,968,1006,1005,972,991,997,507,1017,1012,1013,1018,1011,1014,1015,1016,1040,1048,1023,1043,1039,1019,1047,1042,1041,1031,1057,1056,1029,1027,1021,1046,1045,1035,1028,1026,1036,1034,1032,1022,1053,1044,1054,1030,1049,1052,1055,1033,1038,1051,1020,1037,1024,1066,1068,1064,1071,1059,1060,1069,1058,1065,1062,1061,1067,1063,1072,1075,1077,1074,1078,1080,1081,1076,1073,1079,1082,1087,1085,1088,973,1025,1084,1086,1091,1089,1090,1095,1096,1097,1098,1099,1111,1112,1108,1100,1104,1105,1107,1110,1094,1102,1109,1093,1106,1103,1114,673,1126,1127,1121,1118,1128,1083,1101,1115,1117,1070,1113,1116,1120,1129,1119,1122,1123,1124,1125,1130,1132,1050,1133,1134,1135,1136,1139,965,1137,1140,1141,1142,1143,1144,1145,1190,1201,1193,1234,1199,1200,1229,1198,1191,1202,1240,1236,1241,1242,1220,1203,1227,1239,1231,1238,1233,1204,1222,1205,1206,1237,1223,1219,1235,1210,1232,1195,1226,1194,1207,1224,1243,1196,1211,1225,1208,1197,1192,1209,1221,1149,1147,1152,967,1148,1151,1146,1150,1154,1230,1228,1252,1248,1256,1244,916,1247,1257,1249,1253,1255,1251,1245,1250,1254,1246,767,1279,1280,1281,1282,1283,1284,1285,1286,1287,1288,1289,1290,1291,1292,1293,1294,1295,1296,1297,1298,1299,1300,1301,1302,1303,1304,1305,1306,1307,1308,1309,1310,1311,1312,1313,1314,1315,1316,1317,1318,1319,1320,1321,1322,1323,1324,1325,1326,1327,1328,1329,1330,1331,1332,1333,1334,1335,1336,1337,1338,1339,1340,1341,1342,1343,1344,1345,1346,1347,1348,1349,1350,1351,1352,1353,1354,1355,1356,1357,1358,1359,1360,1361,1362,1363,1364,1365,1366,1367,1368,1369,1370,1371,1372,1373,1374,1375,1376,1377,1378,1379,1380,1381,1382,1383,1385,1386,1387,1388,1389,1390,1391,1392,1393,1394,1395,1396,1397,1398,1399,1400,1401,1402,1403,1404,1405,1406,1407,1408,1409,1410,1411,1412,1413,1414,1415,1416,1417,1418,1437,1438,1440,1441,1446,1448,1429,1442,1430,1420,1432,1422,1425,1421,1426,1427,1428,1423,1424,1431,289,446,515,1504,1549,913);

DELETE from master.committee_member
WHERE session_member_id NOT IN (1,2,3,4,5,6,7,8,9,10,11,12,13,14,15,16,17,18,19,20,21,22,23,24,25,26,27,28,29,30,31,32,33,34,35,36,37,38,39,40,41,42,43,44,45,46,47,48,49,50,51,52,53,54,55,56,57,58,59,60,61,62,63,64,65,66,67,68,69,70,71,72,73,74,75,76,77,78,79,80,81,82,83,84,85,86,87,88,89,90,91,92,93,94,95,96,97,98,99,100,101,102,103,104,105,106,107,108,109,110,111,112,113,114,115,116,117,118,119,120,121,122,123,124,125,126,127,128,129,130,131,132,133,134,135,136,137,138,139,140,141,142,143,144,145,146,147,148,149,150,151,152,153,154,155,156,157,158,159,160,161,162,163,164,165,166,167,168,169,170,171,172,173,174,175,176,177,178,179,180,181,182,183,184,185,186,187,188,189,190,191,192,193,194,195,196,197,198,199,200,201,202,203,204,205,206,207,211,212,213,214,215,216,217,218,219,220,221,222,223,224,225,226,230,231,232,233,234,235,236,237,238,239,241,242,243,244,245,246,247,248,249,250,251,252,253,255,256,257,258,259,260,263,264,265,266,267,268,269,270,271,272,273,274,275,276,277,278,279,280,281,282,283,284,285,286,287,288,290,291,292,293,295,296,297,298,299,300,301,302,303,304,305,306,307,308,309,310,311,312,262,227,228,208,209,210,240,254,294,313,315,317,319,321,323,325,327,329,331,333,335,338,339,340,342,344,316,318,320,322,324,326,328,330,337,341,343,345,261,332,334,314,346,347,348,349,350,351,352,353,355,357,358,359,360,361,362,363,364,365,366,367,368,369,370,371,372,373,374,376,377,378,379,380,381,382,383,384,385,386,387,388,389,390,391,392,393,394,396,397,398,399,400,401,402,403,404,405,407,408,409,410,411,412,413,414,415,416,417,418,419,420,421,422,423,424,425,426,427,428,429,430,431,432,433,434,435,436,438,439,440,441,442,443,444,445,447,448,449,452,453,454,455,456,457,458,459,460,461,462,463,464,465,466,467,468,469,470,471,472,473,474,475,476,477,478,479,480,481,482,375,450,395,406,356,437,451,354,483,484,485,486,487,489,490,491,492,494,496,497,498,499,500,501,502,503,504,505,506,488,493,495,508,509,510,511,512,513,514,516,517,518,519,520,521,522,523,524,525,526,527,528,529,530,531,532,533,534,535,536,537,538,539,540,541,542,543,544,545,546,547,548,549,550,551,552,553,554,555,556,558,559,560,561,562,563,564,565,566,567,568,569,570,571,572,573,574,575,576,577,578,579,580,581,582,583,584,585,586,587,588,589,590,591,592,593,594,595,596,597,598,599,600,601,602,603,604,605,606,607,608,609,610,611,612,613,614,615,616,617,618,619,620,622,623,624,625,626,627,628,629,630,631,633,634,635,636,637,638,639,621,641,642,643,644,645,646,647,648,649,650,651,652,653,654,655,656,640,632,557,657,658,659,662,661,663,665,666,667,668,669,670,671,710,708,728,702,697,704,705,725,696,707,701,715,695,714,694,713,719,709,703,699,698,716,700,717,718,730,706,712,722,721,724,737,731,758,732,770,733,741,753,751,757,755,771,748,759,769,745,739,736,766,764,762,734,752,774,738,747,746,740,773,775,822,788,818,783,779,799,807,803,853,852,854,850,851,855,802,809,816,778,781,785,777,776,786,806,805,808,664,782,821,811,817,787,801,804,815,813,820,812,780,784,800,810,814,847,832,849,797,825,793,798,789,790,846,792,796,794,795,848,791,831,840,839,833,835,819,830,834,841,836,727,872,877,889,720,726,884,887,871,886,878,881,856,711,885,879,723,875,693,882,883,888,874,876,873,729,761,894,868,897,902,845,826,864,827,823,859,760,860,829,842,844,837,866,895,903,865,862,869,749,905,863,750,899,861,828,870,867,890,880,891,898,765,901,904,838,756,763,742,843,896,743,772,754,900,735,893,824,768,892,858,857,906,686,907,908,912,744,915,910,909,911,914,952,939,1008,979,953,928,980,981,929,970,930,1000,949,975,934,976,977,998,1001,954,984,985,927,986,922,947,943,957,931,926,990,932,933,950,923,1009,951,1010,993,996,1003,958,978,936,994,964,992,987,966,938,937,960,969,988,935,971,989,1002,941,961,948,1004,924,999,974,945,982,919,962,920,963,955,956,921,918,940,925,995,942,983,944,946,1007,959,968,1006,1005,972,991,997,507,1017,1012,1013,1018,1011,1014,1015,1016,1040,1048,1023,1043,1039,1019,1047,1042,1041,1031,1057,1056,1029,1027,1021,1046,1045,1035,1028,1026,1036,1034,1032,1022,1053,1044,1054,1030,1049,1052,1055,1033,1038,1051,1020,1037,1024,1066,1068,1064,1071,1059,1060,1069,1058,1065,1062,1061,1067,1063,1072,1075,1077,1074,1078,1080,1081,1076,1073,1079,1082,1087,1085,1088,973,1025,1084,1086,1091,1089,1090,1095,1096,1097,1098,1099,1111,1112,1108,1100,1104,1105,1107,1110,1094,1102,1109,1093,1106,1103,1114,673,1126,1127,1121,1118,1128,1083,1101,1115,1117,1070,1113,1116,1120,1129,1119,1122,1123,1124,1125,1130,1132,1050,1133,1134,1135,1136,1139,965,1137,1140,1141,1142,1143,1144,1145,1190,1201,1193,1234,1199,1200,1229,1198,1191,1202,1240,1236,1241,1242,1220,1203,1227,1239,1231,1238,1233,1204,1222,1205,1206,1237,1223,1219,1235,1210,1232,1195,1226,1194,1207,1224,1243,1196,1211,1225,1208,1197,1192,1209,1221,1149,1147,1152,967,1148,1151,1146,1150,1154,1230,1228,1252,1248,1256,1244,916,1247,1257,1249,1253,1255,1251,1245,1250,1254,1246,767,1279,1280,1281,1282,1283,1284,1285,1286,1287,1288,1289,1290,1291,1292,1293,1294,1295,1296,1297,1298,1299,1300,1301,1302,1303,1304,1305,1306,1307,1308,1309,1310,1311,1312,1313,1314,1315,1316,1317,1318,1319,1320,1321,1322,1323,1324,1325,1326,1327,1328,1329,1330,1331,1332,1333,1334,1335,1336,1337,1338,1339,1340,1341,1342,1343,1344,1345,1346,1347,1348,1349,1350,1351,1352,1353,1354,1355,1356,1357,1358,1359,1360,1361,1362,1363,1364,1365,1366,1367,1368,1369,1370,1371,1372,1373,1374,1375,1376,1377,1378,1379,1380,1381,1382,1383,1385,1386,1387,1388,1389,1390,1391,1392,1393,1394,1395,1396,1397,1398,1399,1400,1401,1402,1403,1404,1405,1406,1407,1408,1409,1410,1411,1412,1413,1414,1415,1416,1417,1418,1437,1438,1440,1441,1446,1448,1429,1442,1430,1420,1432,1422,1425,1421,1426,1427,1428,1423,1424,1431,289,446,515,1504,1549,913);


-- Clear out member data

TRUNCATE public.session_member, public.member, public.person;

-- Run the below dump, inserting all good member data.

--
-- PostgreSQL database dump
--

-- Dumped from database version 12.3
-- Dumped by pg_dump version 12.3

SET statement_timeout = 0;
SET lock_timeout = 0;
SET idle_in_transaction_session_timeout = 0;
SET client_encoding = 'UTF8';
SET standard_conforming_strings = on;
SELECT pg_catalog.set_config('search_path', '', false);
SET check_function_bodies = false;
SET xmloption = content;
SET client_min_messages = warning;
SET row_security = off;

--
-- Data for Name: person; Type: TABLE DATA; Schema: public; Owner: openlegadmin
--

COPY public.person (id, full_name, first_name, middle_name, last_name, email, prefix, suffix, verified, img_name) FROM stdin;
197	Shirley L. Huntley	Shirley	L.	Huntley	shuntley@nysenate.gov	Senator	\N	t	no_image.jpg
257	Ted O'Brien	Ted	\N	O'Brien	obrien@nysenate.gov	Senator	\N	t	no_image.jpg
188	John L. Sampson	John	L.	Sampson	sampson@senate.state.ny.us	Senator	\N	t	369_john_l._sampson.jpg
207	Suzi Oppenheimer	Suzi	\N	Oppenheimer	oppenhei@senate.state.ny.us	Senator	\N	t	no_image.jpg
238	Kenneth P. LaValle	Kenneth	P.	LaValle	lavalle@nysenate.gov	Senator	\N	t	419_kenneth_p._lavalle.jpg
953	Stacey Pheffer Amato	Stacey		Pheffer Amato		Assembly Member		t	no_image.jpg
940	Clyde Vanel	Clyde		Vanel		Assembly Member		t	no_image.jpg
942	Billy Jones	Billy		Jones		Assembly Member		t	no_image.jpg
944	Robert C. Carroll	Robert	C.	Carroll	CarrollR@nyassembly.gov	Assembly Member		t	no_image.jpg
193	William J. Larkin Jr.	William	J.	Larkin	larkin@senate.state.ny.us	Senator	Jr.	t	374_william_j._larkin_jr..jpg
204	Adriano Espaillat	Adriano	\N	Espaillat	espailla@nysenate.gov	Senator	\N	t	385_adriano_espaillat.jpg
243	Kemp Hannon	Kemp	\N	Hannon	hannon@nysenate.gov	Senator	\N	t	424_kemp_hannon.jpg
212	Joseph A. Griffo	Joseph	A.	Griffo	griffo@nysenate.gov	Senator	\N	t	393_joseph_a._griffo.jpg
261	Simcha Felder	Simcha	\N	Felder	felder@nysenate.gov	Senator	\N	t	439_simcha_felder.jpg
250	Cecilia Tkaczyk	Cecilia	\N	Tkaczyk	tkaczyk@nysenate.gov	Senator	\N	t	no_image.jpg
232	John J. Bonacic	John	J.	Bonacic	bonacic@nysenate.gov	Senator	\N	t	413_john_j._bonacic.jpg
199	Ruth Hassell-Thompson	Ruth	\N	Hassell-Thompson	hassellt@senate.state.ny.us	Senator	\N	t	380_ruth_hassell-thompson.jpg
945	Kevin M. Byrne	Kevin	M.	Byrne	ByrneK@nyassembly.gov	Assembly Member		t	no_image.jpg
949	Mary Beth Walsh	Mary Beth		Walsh	walshm@nyassembly.gov	Assembly Member		t	no_image.jpg
229	Tom Libous	Tom	\N	Libous	senator@senatorlibous.com	Senator	\N	t	410_tom_libous.jpg
950	Inez E. Dickens	Inez	E.	Dickens		Assembly Member		t	no_image.jpg
954	Yuh-Line Niou	Yuh-Line		Niou	niouy@nyassembly.gov	Assembly Member		t	no_image.jpg
270	Brian X. Foley	Brian	X.	Foley	bfoley@senate.state.ny.us	Senator	\N	t	no_image.jpg
227	Greg Ball	Greg	\N	Ball	gball@nysenate.gov	Senator	\N	t	no_image.jpg
271	Vincent L. Leibell	Vincent	L.	Leibell	 leibell@senate.state.ny.us	Senator	\N	t	no_image.jpg
269	Antoine M Thompson	Antoine	\N	Thompson	athompso@senate.state.ny.us	Senator	\N	t	no_image.jpg
258	Terry Gipson	Terry	\N	Gipson	gipson@nysenate.gov	Senator	\N	t	no_image.jpg
239	Carl Kruger	Carl	\N	Kruger	kruger@senate.state.ny.us	Senator	\N	t	no_image.jpg
223	Lee M. Zeldin	Lee	M.	Zeldin	zeldin@nysenate.gov	Senator	\N	t	no_image.jpg
273	Darrel J. Aubertine	Darrel	J.	Aubertine	aubertin@senate.state.ny.us	Senator	\N	t	no_image.jpg
959	Christine Pellegrino	Christine		Pellegrino	pellegrinoc@nyassembly.gov	Assembly Member		t	no_image.jpg
927	Pamela J. Hunter	Pamela	J.	Hunter		Assembly Member		t	no_image.jpg
955	Monica P. Wallace	Monica	P.	Wallace		Assembly Member		t	no_image.jpg
956	Tremaine Wright	Tremaine		Wright	wrightt@nyassembly.gov	Assembly Member		t	no_image.jpg
237	Hugh T. Farley	Hugh	T.	Farley	farley@senate.state.ny.us	Senator	\N	t	418_hugh_t._farley.jpg
209	Jeffrey D. Klein	Jeffrey	D.	Klein	jdklein@senate.state.ny.us	Senator	\N	t	390_jeffrey_d._klein.jpg
216	Jack M. Martins	Jack	M.	Martins	martins@nysenate.gov	Senator	\N	t	397_jack_m._martins.jpg
213	Michael F. Nozzolio	Michael	F.	Nozzolio	nozzolio@senate.state.ny.us	Senator	\N	t	394_michael_f._nozzolio.jpg
249	Dean G. Skelos	Dean	G.	Skelos	skelos@nysenate.gov	Senator	\N	t	430_dean_g._skelos.jpg
226	Carl L Marcellino	Carl	\N	Marcellino	marcelli@senate.state.ny.us	Senator	\N	t	407_carl_l_marcellino.jpg
228	Andrew J Lanza	Andrew	\N	Lanza	lanza@senate.state.ny.us	Senator	\N	t	409_andrew_j_lanza.jpg
215	Andrea Stewart-Cousins	Andrea	\N	Stewart-Cousins	scousins@senate.state.ny.us	Senator	\N	t	396_andrea_stewart-cousins.jpg
218	John J. Flanagan	John	J.	Flanagan	flanagan@senate.state.ny.us	Senator	\N	t	399_john_j._flanagan.jpg
921	Chris Jacobs	Chris		Jacobs	Jacobs@nysenate.gov	Senator		t	no_image.jpg
922	Elaine Phillips	Elaine	\N	Phillips	EPhillips@nysenate.gov	Senator	\N	t	no_image.jpg
925	James Tedisco	James	\N	Tedisco	Tedisco@nysenate.gov	Senator	\N	t	no_image.jpg
937	Melissa Miller	Melissa		Miller		Assembly Member		t	no_image.jpg
951	Carmen De La Rosa	Carmen		De La Rosa		Assembly Member		t	no_image.jpg
952	Anthony D'Urso	Anthony		D'Urso		Assembly Member		t	no_image.jpg
266	Eric T. Schneiderman	Eric	T.	Schneiderman	schneide@senate.state.ny.us	Senator	\N	t	no_image.jpg
230	George D. Maziarz	George	D.	Maziarz	maziarz@nysenate.gov	Senator	\N	t	no_image.jpg
264	Pedro Espada Jr.	Pedro	\N	Espada	espada@senate.state.ny.us	Senator	Jr.	t	no_image.jpg
244	Charles J. Fuschillo Jr.	Charles	J.	Fuschillo	fuschill@senate.state.ny.us	Senator	Jr.	t	no_image.jpg
276	Hiram Monserrate	Hiram		Monserrate		Senator		t	no_image.jpg
277	David Storobin	David		Storobin		Senator		t	no_image.jpg
278	Marc Alessi 	Marc	\N	Alessi	\N	Assembly Member	\N	t	no_image.jpg
280	L. Dean Murray	L.	Dean	Murray	\N	Assembly Member	\N	t	no_image.jpg
282	Ginny Fields 	Ginny	\N	Fields	\N	Assembly Member	\N	t	no_image.jpg
911	Alicia Hyndman	Alicia		Hyndman		Assembly Member		t	no_image.jpg
957	Angelo J. Morinello	Angelo	J.	Morinello	morinelloa@nyassembly.gov	Assembly Member		t	no_image.jpg
947	Brian D. Miller	Brian	D.	Miller	millerb@nyassembly.gov	Assembly Member		t	no_image.jpg
362	Nelson Castro	Nelson	\N	Castro	\N	Assembly Member	\N	t	no_image.jpg
958	Brian Benjamin	Brian		Benjamin	bbenjamin@nysenate.gov	Senator		t	no_image.jpg
923	John E. Brooks	John	E.	Brooks	Brooks@nysenate.gov	Senator	\N	t	no_image.jpg
189	David Carlucci	David	\N	Carlucci	carlucci@nysenate.gov	Senator	\N	t	370_david_carlucci.jpg
236	Joseph E. Robach	Joseph	E.	Robach	robach@nysenate.gov	Senator	\N	t	417_joseph_e._robach.jpg
365	Robert Castelli	Robert	\N	Castelli	\N	Assembly Member	\N	t	no_image.jpg
368	Richard Brodsky 	Richard	\N	Brodsky	\N	Assembly Member	\N	t	no_image.jpg
369	Mike Spano	Mike	\N	Spano	\N	Assembly Member	\N	t	no_image.jpg
372	Nancy Calhoun	Nancy	\N	Calhoun	\N	Assembly Member	\N	t	no_image.jpg
373	Ann Rabbitt	Ann	\N	Rabbitt	\N	Assembly Member	\N	t	no_image.jpg
378	Joel Miller	Joel	\N	Miller	\N	Assembly Member	\N	t	no_image.jpg
379	Marcus Molinaro	Marcus	\N	Molinaro	\N	Assembly Member	\N	t	no_image.jpg
380	John McEneny	John	\N	McEneny	\N	Assembly Member	\N	t	no_image.jpg
381	George Amedore	George	\N	Amedore	\N	Assembly Member	\N	t	no_image.jpg
382	Ronald Canestrari	Ronald	\N	Canestrari	\N	Assembly Member	\N	t	no_image.jpg
384	Timothy P. Gordon 	Timothy	P.	Gordon	\N	Assembly Member	\N	t	no_image.jpg
385	Robert Reilly	Robert	\N	Reilly	\N	Assembly Member	\N	t	no_image.jpg
388	Tony Jordan	Tony	\N	Jordan	\N	Assembly Member	\N	t	no_image.jpg
389	Teresa Sayward	Teresa	\N	Sayward	\N	Assembly Member	\N	t	no_image.jpg
391	David Townsend 	David	\N	Townsend	\N	Assembly Member	\N	t	no_image.jpg
392	RoAnn Destito	RoAnn	\N	Destito	\N	Assembly Member	\N	t	no_image.jpg
395	Joan Christensen 	Joan	\N	Christensen	\N	Assembly Member	\N	t	no_image.jpg
398	Dierdre Scozzafava 	Dierdre	\N	Scozzafava	\N	Assembly Member	\N	t	no_image.jpg
403	Peter Lopez	Peter	\N	Lopez	\N	Assembly Member	\N	t	no_image.jpg
407	Susan John 	Susan	John	John	\N	Assembly Member	\N	t	no_image.jpg
410	Bill Reilich	Bill	\N	Reilich	\N	Assembly Member	\N	t	no_image.jpg
411	David Koon 	David	Koon	Koon	\N	Assembly Member	\N	t	no_image.jpg
412	James Bacalles 	James	\N	Bacalles	\N	Assembly Member	\N	t	no_image.jpg
413	Tom O'Mara 	Tom	\N	O'Mara	\N	Assembly Member	\N	t	no_image.jpg
414	Francine DelMonte 	Francine	\N	DelMonte	\N	Assembly Member	\N	t	no_image.jpg
419	Dennis H. Gabryszak	Dennis	H.	Gabryszak	\N	Assembly Member	\N	t	no_image.jpg
420	Sam Hoyt	Sam	Hoyt	Hoyt	\N	Assembly Member	\N	t	no_image.jpg
421	Mark J.F. Schroeder	Mark	J.F.	Schroeder	\N	Assembly Member	\N	t	no_image.jpg
422	Jack Quinn III 	Jack	\N	Quinn	\N	Assembly Member	III	t	no_image.jpg
423	Daniel Burling	Daniel	\N	Burling	\N	Assembly Member	\N	t	no_image.jpg
424	James Hayes	James	\N	Hayes	\N	Assembly Member	\N	t	no_image.jpg
426	William Parment 	William	\N	Parment	\N	Assembly Member	\N	t	no_image.jpg
898	Pamela Harris	Pamela		Harris		Assembly Member		t	no_image.jpg
452	Donald R. Miller	Donald	R.	Miller	\N	Assembly Member	\N	t	no_image.jpg
454	Sean T. Hanna	Sean	T.	Hanna	\N	Assembly Member	\N	t	no_image.jpg
462	Kevin Smardz	Kevin	\N	Smardz	\N	Assembly Member	\N	t	no_image.jpg
465	Adam Bradley	Adam		Bradley				t	no_image.jpg
466	Patricia Eddington	Patricia		Eddington				t	no_image.jpg
468	Rob Walker	Rob		Walker				t	no_image.jpg
469	Anthony Seminerio	Anthony		Seminerio				t	no_image.jpg
471	Ruben Diaz Jr.	Ruben		Diaz			Jr.	t	no_image.jpg
473	Thomas Kirwan	Thomas		Kirwan				t	no_image.jpg
490	Gabriela Rosa	Gabriela		Rosa	\N	Assemblymember		t	no_image.jpg
499	Edward Hennessey	Edward	\N	Hennessey	\N	\N	\N	t	no_image.jpg
267	Frank Padavan	Frank	\N	Padavan	padavan@senate.state.ny.us	Senator	\N	t	no_image.jpg
221	Stephen M. Saland	Stephen	M.	Saland	 saland@nysenate.gov	Senator	\N	t	no_image.jpg
274	Dale M. Volker	Dale	M.	Volker	volker@senate.state.ny.us	Senator	\N	t	no_image.jpg
205	Owen H. Johnson	Owen	H.	Johnson	ojohnson@senate.state.ny.us	Senator	\N	t	no_image.jpg
206	Thomas K. Duane	Thomas	K.	Duane	duane@senate.state.ny.us	Senator	\N	t	no_image.jpg
650	Peter Lopez	Peter	\N	Lopez	\N	\N	\N	t	828_peter_lopez.jpg
918	Marisol Alcantara	Marisol		Alcantara	Alcantara@nysenate.gov	Senator		t	no_image.jpg
406	Joseph Errigo 	Joseph	\N	Errigo	\N	Assembly Member	\N	t	no_image.jpg
208	Roy J. McDonald	Roy	J.	McDonald	mcdonald@senate.state.ny.us	Senator	\N	t	no_image.jpg
211	James S. Alesi	James	S.	Alesi	alesi@senate.state.ny.us	Senator	\N	t	no_image.jpg
224	Malcolm A. Smith	Malcolm	A.	Smith	masmith@senate.state.ny.us 	Senator	\N	t	no_image.jpg
272	George Winner	George	\N	Winner	winner@senate.state.ny.us	Senator	\N	t	no_image.jpg
268	Craig M. Johnson	Craig	M.	Johnson	johnson@senate.state.ny.us	Senator	\N	t	no_image.jpg
263	Thomas P. Morahan	Thomas	P.	Morahan	district38@nysenate.gov	Senator	\N	t	no_image.jpg
265	George Onorato	George	\N	Onorato	onorato@senate.state.ny.us	Senator	\N	t	no_image.jpg
217	Mark Grisanti	Mark	\N	Grisanti	grisanti@nysenate.gov	Senator	\N	t	no_image.jpg
275	William T. Stachowski	William	T.	Stachowski	stachows@senate.state.ny.us	Senator	\N	t	no_image.jpg
201	Eric Adams	Eric	\N	Adams	eadams@senate.state.ny.us	Senator	\N	t	no_image.jpg
299	Grace Meng	Grace		Meng	\N	Assembly Member	\N	t	no_image.jpg
287	James Conte	James	\N	Conte	\N	Assembly Member	\N	t	no_image.jpg
288	Robert Sweeney	Robert	\N	Sweeney	\N	Assembly Member	\N	t	no_image.jpg
291	Robert Barra 	Robert	\N	Barra	\N	Assembly Member	\N	t	no_image.jpg
297	Harvey Weisenberg	Harvey	\N	Weisenberg	\N	Assembly Member	\N	t	no_image.jpg
298	Thomas Alfano 	Thomas	\N	Alfano	\N	Assembly Member	\N	t	no_image.jpg
498	Aurelia Greene	Aurelia		Greene		Assembly Member		t	no_image.jpg
300	Audrey Pheffer	Audrey	\N	Pheffer	\N	Assembly Member	\N	t	no_image.jpg
302	Rory Lancman	Rory	\N	Lancman	\N	Assembly Member	\N	t	no_image.jpg
303	Ann-Margaret Carrozza 	Ann-Margaret	\N	Carrozza	\N	Assembly Member	\N	t	no_image.jpg
304	Nettie Mayersohn	Nettie	\N	Mayersohn	\N	Assembly Member	\N	t	no_image.jpg
318	Rhoda Jacobs	Rhoda	\N	Jacobs	\N	Assembly Member	\N	t	no_image.jpg
328	Joan Millman	Joan	\N	Millman	\N	Assembly Member	\N	t	no_image.jpg
329	Vito Lopez	Vito	\N	Lopez	\N	Assembly Member	\N	t	no_image.jpg
330	Darryl Towns	Darryl	\N	Towns	\N	Assembly Member	\N	t	no_image.jpg
331	"William Boyland	"William	\N	Boyland	\N	Assembly Member	\N	t	no_image.jpg
333	Hakeem Jeffries	Hakeem	\N	Jeffries	\N	Assembly Member	\N	t	no_image.jpg
335	Alan Maisel	Alan	\N	Maisel	\N	Assembly Member	\N	t	no_image.jpg
336	Janele Hyer-Spencer 	Janele	\N	Hyer-Spencer	\N	Assembly Member	\N	t	no_image.jpg
338	Louis Tobacco	Louis	\N	Tobacco	\N	Assembly Member	\N	t	no_image.jpg
341	Micah Kellner	Micah	\N	Kellner	\N	Assembly Member	\N	t	no_image.jpg
344	Adam Clayton Powell IV 	Adam	\N	Powell	\N	Assembly Member	IV	t	no_image.jpg
349	Jonathan Bing	Jonathan	Bing	Bing	\N	Assembly Member	\N	t	no_image.jpg
353	Vanessa Gibson	Vanessa	\N	Gibson	\N	Assembly Member	\N	t	no_image.jpg
355	Michael Benjamin 	Michael	\N	Benjamin	\N	Assembly Member	\N	t	no_image.jpg
356	Naomi Rivera	Naomi	\N	Rivera	\N	Assembly Member	\N	t	no_image.jpg
319	Karim Camara	Karim	\N	Camara	\N	Assembly Member	\N	t	no_image.jpg
427	Daniel P. Losquadro	Daniel	P.	Losquadro	\N	Assembly Member	\N	t	no_image.jpg
436	Rafael Espinal	Rafael	\N	Espinal	\N	Assembly Member	\N	t	no_image.jpg
439	Guillermo Linares	Guillermo	\N	Linares	\N	Assembly Member	\N	t	no_image.jpg
441	Eric Stevenson	Eric	\N	Stevenson	\N	Assembly Member	\N	t	no_image.jpg
712	Susan Serino	Susan	\N	Serino	\N	\N	\N	t	890_susan_serino.jpg
713	Terrence P. Murphy	Terrence	P.	Murphy	\N	\N	\N	t	891_terrence_p._murphy.jpg
717	Michael Venditto	Michael	\N	Venditto	\N	\N	\N	t	895_michael_venditto.jpg
716	Marc Panepinto	Marc	\N	Panepinto	\N	\N	\N	t	894_marc_panepinto.jpg
451	Sam Roberts	Sam	\N	Roberts	\N	Assembly Member	\N	t	629_sam_roberts.jpg
464	Andrew Goodell	Andrew	\N	Goodell	\N	Assembly Member	\N	t	642_andrew_goodell.jpg
730	Karl Brabenec	Karl	\N	Brabenec	\N	\N	\N	t	908_karl_brabenec.jpg
354	Jose Rivera	Jose	\N	Rivera	\N	Assembly Member	\N	t	528_peter_rivera.jpg
485	Walter T. Mosley	Walter	T.	Mosley	\N	Assemblymember		t	663_walter_t._mosley.jpg
360	Carmen E. Arroyo	Carmen	E.	Arroyo	\N	Assembly Member	\N	t	536_carmen_e._arroyo.jpg
432	Edward Braunstein	Edward	\N	Braunstein	\N	Assembly Member	\N	t	610_edward_braunstein.jpg
317	Helene Weinstein	Helene	\N	Weinstein	\N	Assembly Member	\N	t	494_helene_weinstein.jpg
359	Carl Heastie	Carl	\N	Heastie	\N	Assembly Member	\N	t	535_carl_heastie.jpg
320	James F. Brennan	James	F.	Brennan	\N	Assembly Member	\N	t	497_james_f._brennan.jpg
322	Alec Brook-Krasny	Alec	\N	Brook-Krasny	\N	Assembly Member	\N	t	499_alec_brook-krasny.jpg
310	Barbara Clark	Barbara	\N	Clark	\N	Assembly Member	\N	t	458_barbara_clark.jpg
938	Jaime R. Williams	Jaime	R.	Williams		Assembly Member		t	no_image.jpg
418	Jane Corwin	Jane	\N	Corwin	\N	Assembly Member	\N	t	592_jane_corwin.jpg
394	Addie Jenne	Addie	\N	Jenne	\N	Assembly Member	\N	t	568_addie_jenne_russell.jpg
431	Phillip Goldfeder	Phillip	\N	Goldfeder	\N	Assembly Member	\N	t	609_phillip_goldfeder.jpg
324	Dov Hikind	Dov	\N	Hikind	\N	Assembly Member	\N	t	501_dov_hikind.jpg
326	Joseph Lentol	Joseph	\N	Lentol	\N	Assembly Member	\N	t	503_joseph_lentol.jpg
455	Harry B. Bronson	Harry	B.	Bronson	\N	Assembly Member	\N	t	633_harry_b._bronson.jpg
446	Steve Katz	Steve	\N	Katz	\N	Assembly Member	\N	t	624_steve_katz.jpg
458	Christopher Friend	Christopher	\N	Friend	\N	Assembly Member	\N	t	636_christopher_friend.jpg
461	Mickey Kearns	Mickey	\N	Kearns	\N	Assembly Member	\N	t	639_mickey_kearns.jpg
315	Michael G. Miller	Michael	G.	Miller	\N	Assembly Member	\N	t	492_michael_g._miller.jpg
337	Matthew Titone	Matthew	\N	Titone	\N	Assembly Member	\N	t	514_matthew_titone.jpg
401	Barbara Lifton	Barbara	\N	Lifton	\N	Assembly Member	\N	t	575_barbara_lifton.jpg
404	Robert Oaks	Robert	Oaks	Oaks	\N	Assembly Member	\N	t	578_robert_oaks.jpg
345	Daniel O'Donnell	Daniel	\N	O'Donnell	\N	Assembly Member	\N	t	522_daniel_o'donnell.jpg
283	Philip Ramos	Philip	\N	Ramos	\N	Assembly Member	\N	t	468_philip_ramos.jpg
476	David Buchwald	David		Buchwald	\N	Assemblymember		t	654_david_buchwald.jpg
293	Michelle Schimel	Michelle	\N	Schimel	\N	Assembly Member	\N	t	477_michelle_schimel.jpg
340	Sheldon Silver	Sheldon	\N	Silver	\N	Assembly Member	\N	t	517_sheldon_silver.jpg
477	Maritza Davila	Maritza		Davila	\N	Assemblymember		t	655_maritza_davila.jpg
449	Claudia Tenney	Claudia	\N	Tenney	\N	Assembly Member	\N	t	627_claudia_tenney.jpg
479	Patricia Fahy	Patricia		Fahy	\N	Assemblymember		t	657_patricia_fahy.jpg
475	Joseph Borelli	Joseph		Borelli	\N	Assemblymember		t	653_joseph_borelli.jpg
493	Luis R. Seplveda	Luis	R.	Seplveda	\N	Senator		t	no_image.jpg
284	Michael J. Fitzpatrick	Michael	J.	Fitzpatrick	\N	Assembly Member	\N	t	469_michael_j._fitzpatrick.jpg
425	Joseph Giglio	Joseph	\N	Giglio	\N	Assembly Member	\N	t	599_joseph_giglio.jpg
480	Andrew R. Garbarino	Andrew	R.	Garbarino	\N	Assemblymember		t	658_andrew_r._garbarino.jpg
459	John Ceretto	John	\N	Ceretto	\N	Assembly Member	\N	t	637_john_ceretto.jpg
483	Chad A. Lupinacci	Chad	A.	Lupinacci	\N	Assemblymember		t	661_chad_a._lupinacci.jpg
429	Brian F. Curran	Brian	F.	Curran	\N	Assembly Member	\N	t	607_brian_f._curran.jpg
311	Michael DenDekker	Michael	\N	DenDekker	\N	Assembly Member	\N	t	459_michael_dendekker.jpg
390	Janet Duprey	Janet	\N	Duprey	\N	Assembly Member	\N	t	564_janet_duprey.jpg
440	Dan Quart	Dan	\N	Quart	\N	Assembly Member	\N	t	618_dan_quart.jpg
383	Clifford Crouch	Clifford	\N	Crouch	\N	Assembly Member	\N	t	557_clifford_crouch.jpg
472	Al Graf	Al		Graf				t	651_al_graf.jpg
415	Stephen Hawley	Stephen	\N	Hawley	\N	Assembly Member	\N	t	589_stephen_hawley.jpg
290	Charles Lavine	Charles	\N	Lavine	\N	Assembly Member	\N	t	474_charles_lavine.jpg
453	Kenneth Blankenbush	Kenneth	\N	Blankenbush	\N	Assembly Member	\N	t	631_kenneth_blankenbush.jpg
363	J. Gary Pretlow	J.	Gary	Pretlow	\N	Assembly Member	\N	t	539_j._gary_pretlow.jpg
481	Ron Kim	Ron		Kim	\N	Assemblymember		t	659_ron_kim.jpg
434	Aravella Simotas	Aravella	\N	Simotas	\N	Assembly Member	\N	t	612_aravella_simotas.jpg
724	Latoya Joyner	Latoya	\N	Joyner	\N	\N	\N	t	902_latoya_joyner.jpg
314	Catherine Nolan	Catherine	\N	Nolan	\N	Assembly Member	\N	t	491_catherine_nolan.jpg
442	Mark Gjonaj	Mark	\N	Gjonaj	\N	Assembly Member	\N	t	620_mark_gjonaj.jpg
387	William Magee	William	\N	Magee	\N	Assembly Member	\N	t	561_william_magee.jpg
486	Bill Nojay	Bill		Nojay	\N	Assemblymember		t	664_bill_nojay.jpg
457	Philip Palmesano	Philip	\N	Palmesano	\N	Assembly Member	\N	t	635_philip_palmesano.jpg
397	Albert A. Stirpe	Albert	A.	Stirpe	\N	Assembly Member	\N	t	571_albert_a._stirpe.jpg
332	Annette Robinson	Annette	\N	Robinson	\N	Assembly Member	\N	t	509_annette_robinson.jpg
306	William Scarborough	William	\N	Scarborough	\N	Assembly Member	\N	t	489_william_scarborough.jpg
721	Michael Blake	Michael	\N	Blake	\N	\N	\N	t	899_michael_blake.jpg
467	Keith L.T. Wright	Keith	L.T.	Wright				t	646_keith_l.t._wright.jpg
729	Jo Anne Simon	Jo Anne	\N	Simon	\N	\N	\N	t	907_jo_anne_simon.jpg
482	Kieran Michael Lalor	Kieran	Michael	Lalor	\N	Assemblymember		t	660_kieran_michael_lalor.jpg
489	Victor M. Pichardo	Victor	M.	Pichardo	\N	Assemblymember		t	667_victor_m._pichardo.jpg
430	Edward Ra	Edward	\N	Ra	\N	Assembly Member	\N	t	608_edward_ra.jpg
307	Margaret Markey	Margaret	\N	Markey	\N	Assembly Member	\N	t	490_margaret_markey.jpg
496	Dan Stec	Dan		Stec	\N	Assemblymember		t	674_dan_stec.jpg
386	James Tedisco	James	\N	Tedisco	\N	Assembly Member	\N	t	560_james_tedisco.jpg
435	Francisco Moya	Francisco	\N	Moya	\N	Assembly Member	\N	t	613_francisco_moya.jpg
448	Steven McLaughlin	Steven	\N	McLaughlin	\N	Assembly Member	\N	t	626_steven_mclaughlin.jpg
727	Roxanne Persaud	Roxanne	\N	Persaud	\N	\N	\N	t	905_roxanne_persaud.jpg
433	Michael Simanowitz	Michael	\N	Simanowitz	\N	Assembly Member	\N	t	611_michael_simanowitz.jpg
708	Carrie Woerner	Carrie	\N	Woerner	\N	\N	\N	t	886_carrie_woerner.jpg
733	Angela Wozniak	Angela	\N	Wozniak 	\N	\N	\N	t	911_angela_wozniak.jpg
726	Guillermo Linares	Guillermo	\N	Linares	\N	\N	\N	t	904_guillermo_linares.jpg
437	Nicole Malliotakis	Nicole	\N	Malliotakis	\N	Assembly Member	\N	t	615_nicole_malliotakis.jpg
456	Mark C. Johns	Mark	C.	Johns	\N	Assembly Member	\N	t	634_mark_c._johns.jpg
731	Peter Lawrence	Peter	\N	Lawrence	\N	\N	\N	t	909_peter_lawrence.jpg
492	Angelo Santabarbara	Angelo		Santabarbara	\N	Assemblymember		t	670_angelo_santabarbara.jpg
460	Sean Ryan	Sean	\N	Ryan	\N	Assembly Member	\N	t	638_sean_ryan.jpg
495	Michaelle C. Solages	Michaelle	C.	Solages	\N	Assemblymember		t	673_michaelle_c._solages.jpg
948	Michael J. Norris	Michael	J.	Norris	norrism@nyassembly.gov	Assembly Member		t	no_image.jpg
400	William A. Barclay	William	A.	Barclay	\N	Assembly Member	\N	t	574_william_a._barclay.jpg
722	Erik Dilan	Erik	\N	Dilan	\N	\N	\N	t	900_erik_dilan.jpg
487	Steven Otis	Steven		Otis	\N	Assemblymember		t	665_steven_otis.jpg
728	Rebecca Seawright	Rebecca	\N	Seawright	\N	\N	\N	t	906_rebecca_seawright.jpg
488	Anthony H. Palumbo	Anthony	H.	Palumbo	\N	Assemblymember		t	666_anthony_h._palumbo.jpg
734	Diana Richardson	Diana	\N	Richardson	\N	Assembly Member	\N	t	\N
463	Raymond Walter	Raymond	\N	Walter	\N	Assembly Member	\N	t	641_raymond_walter.jpg
240	Ruben Diaz	Ruben	\N	Diaz	diaz@nysenate.gov	Senator	Sr	t	421_ruben_diaz.jpg
720	Rodneyse Bichotte	Rodneyse	\N	Bichotte	\N	\N	\N	t	898_rodneyse_bichotte.jpg
723	Kimberly Jean-Pierre	Kimberly	\N	Jean-Pierre	\N	Assembly Member	\N	t	901_jean-pierre.jpg
484	John T. McDonald III	John	T.	McDonald	\N	Assemblymember	III	t	662_john_t._mcdonald_iii.jpg
294	Thomas McKevitt	Thomas	\N	McKevitt	\N	Assembly Member	\N	t	478_thomas_mckevitt.jpg
491	Nily Rozic	Nily		Rozic	\N	Assemblymember		t	669_nily_rozic.jpg
941	Brian Barnwell	Brian		Barnwell		Assembly Member		t	no_image.jpg
773	Pamela Helming	Pamela		Helming	Helming@nysenate.gov	Senator		t	no_image.jpg
829	Ron Castorina, Jr.	Ron		Castorina	castorinar@nyassembly.gov	Assembly Member	Jr.	t	no_image.jpg
350	Brian Kavanagh	Brian		Kavanagh	kavanagh@nysenate.gov	Senator		t	526_brian_kavanagh.jpg
256	Kathleen A. Marchione	Kathleen	A.	Marchione	marchione@nysenate.gov	Senator	\N	t	435_kathleen_a._marchione.jpg
393	Marc Butler	Marc	\N	Butler	\N	Assembly Member	\N	t	567_marc_butler.jpg
736	Roxanne J Persaud	Roxanne	J	Persaud	persaud@nysenate.gov			t	
494	James Skoufis	James		Skoufis	\N	Assemblymember		t	672_james_skoufis.jpg
402	Donna Lupardo	Donna	\N	Lupardo	\N	Assembly Member	\N	t	576_donna_lupardo.jpg
405	Brian Kolb	Brian	Kolb	Kolb	\N	Assembly Member	\N	t	579_brian_kolb.jpg
408	Joseph Morelle	Joseph	\N	Morelle	\N	Assembly Member	\N	t	582_joseph_morelle.jpg
281	Steven Englebright	Steven	\N	Englebright	\N	Assembly Member	\N	t	466_steven_englebright.jpg
416	Robin Schimminger	Robin	\N	Schimminger	\N	Assembly Member	\N	t	590_robin_schimminger.jpg
289	Joseph Saladino	Joseph	\N	Saladino	\N	Assembly Member	\N	t	473_joseph_saladino.jpg
292	Michael Montesano	Michael	\N	Montesano	\N	Assembly Member	\N	t	476_michael_montesano.jpg
295	Earlene Hooper	Earlene	\N	Hooper	\N	Assembly Member	\N	t	479_earlene_hooper.jpg
301	David Weprin	David	\N	Weprin	\N	Assembly Member	\N	t	484_david_weprin.jpg
305	Andrew Hevesi	Andrew	\N	Hevesi	\N	Assembly Member	\N	t	488_andrew_hevesi.jpg
308	Michele Titus	Michele	\N	Titus	\N	Assembly Member	\N	t	456_michele_titus.jpg
309	Vivian Cook	Vivian	Cook	Cook	\N	Assembly Member	\N	t	457_vivian_cook.jpg
438	Robert J. Rodriguez	Robert	J.	Rodriguez	\N	Assembly Member	\N	t	616_robert_j._rodriguez.jpg
312	Jeffrion Aubry	Jeffrion	\N	Aubry	\N	Assembly Member	\N	t	460_jeffrion_aubry.jpg
443	Sandy Galef	Sandy	\N	Galef	\N	Assembly Member	\N	t	621_sandy_galef.jpg
444	Thomas Abinanti	Thomas	\N	Abinanti	\N	Assembly Member	\N	t	622_thomas_abinanti.jpg
190	James L. Seward	James	L.	Seward	seward@senate.state.ny.us	Senator	\N	t	371_james_l._seward.jpg
447	Didi Barrett	Didi	\N	Barrett	\N	Assembly Member	\N	t	625_didi_barrett.jpg
321	Steven Cymbrowitz	Steven	\N	Cymbrowitz	\N	Assembly Member	\N	t	498_steven_cymbrowitz.jpg
194	Bill Perkins	Bill	\N	Perkins	perkins@senate.state.ny.us	Senator	\N	t	375_bill_perkins.jpg
450	Anthony Brindisi	Anthony	\N	Brindisi	\N	Assembly Member	\N	t	628_anthony_brindisi.jpg
707	Robert Ortt	Robert	\N	Ortt	\N	\N	\N	t	885_robert_ortt.jpg
195	John A. DeFrancisco	John	A.	DeFrancisco	jdefranc@senate.state.ny.us	Senator	\N	t	376_john_a._defrancisco.jpg
323	William Colton	William	\N	Colton	\N	Assembly Member	\N	t	500_william_colton.jpg
709	Rich Funke	Rich	\N	Funke	\N	\N	\N	t	887_rich_funke.jpg
325	Peter Abbate	Peter	\N	Abbate	\N	Assembly Member	\N	t	502_peter_abbate.jpg
198	Betty Little	Betty	\N	Little	little@senate.state.ny.us	Senator	\N	t	379_betty_little.jpg
327	Felix Ortiz	Felix	\N	Ortiz	\N	Assembly Member	\N	t	504_felix_ortiz.jpg
711	Jesse Hamilton	Jesse	\N	Hamilton	\N	\N	\N	t	889_jesse_hamilton.jpg
714	George Amedore	George	\N	Amedore	\N	\N	\N	t	892_george_amedore.jpg
715	Thomas Croci	Thomas	\N	Croci	\N	\N	\N	t	893_thomas_croci.jpg
718	Latrice Walker	Latrice	\N	Walker	\N	\N	\N	t	896_latrice_walker.jpg
334	N. Nick Perry	N.	Nick	Perry	\N	Assembly Member	\N	t	511_n._nick_perry.jpg
210	Tony Avella	Tony	\N	Avella	avella@nysenate.gov	Senator	\N	t	391_tony_avella.jpg
339	Michael Cusick	Michael	\N	Cusick	\N	Assembly Member	\N	t	516_michael_cusick.jpg
214	David J. Valesky	David	J.	Valesky	valesky@senate.state.ny.us	Senator	\N	t	395_david_j._valesky.jpg
342	Deborah Glick	Deborah	\N	Glick	\N	Assembly Member	\N	t	519_deborah_glick.jpg
343	Linda Rosenthal	Linda	\N	Rosenthal	\N	Assembly Member	\N	t	520_linda_rosenthal.jpg
732	Dean Murray	Dean	\N	Murray	\N	\N	\N	t	910_dean_murray.jpg
222	Diane J. Savino	Diane	J.	Savino	savino@senate.state.ny.us	Senator	\N	t	403_diane_j._savino.jpg
478	David DiPietro	David		DiPietro	\N	Assembly Member		t	656_david_dipietro.jpg
735	Fredrick J Akshar II	Fredrick	J	Akshar	akshar@nysenate.gov		II	t	
225	Michael H. Ranzenhofer	Michael	H.	Ranzenhofer	ranz@senate.state.ny.us	Senator	\N	t	406_michael_h._ranzenhofer.jpg
358	Michael Benedetto	Michael	\N	Benedetto	\N	Assembly Member	\N	t	534_michael_benedetto.jpg
361	Marcos Crespo	Marcos	\N	Crespo	\N	Assembly Member	\N	t	537_marcos_crespo.jpg
364	Amy Paulin	Amy	\N	Paulin	\N	Assembly Member	\N	t	540_amy_paulin.jpg
242	Patty Ritchie	Patty	\N	Ritchie	ritchie@nysenate.gov	Senator	\N	t	423_patty_ritchie.jpg
376	Frank Skartados 	Frank	\N	Skartados	\N	Assembly Member	\N	t	550_frank_skartados_.jpg
352	Peter Rivera	Peter	\N	Rivera	\N	Assembly Member	\N	t	528_peter_rivera.jpg
357	Jeffrey Dinowitz	Jeffrey	\N	Dinowitz	\N	Assembly Member	\N	t	533_jeffrey_dinowitz.jpg
710	Leroy Comrie	Leroy	\N	Comrie	comrie@nysenate.gov	\N	\N	t	888_leroy_comrie.jpg
202	Michael Gianaris	Michael	\N	Gianaris	gianaris@nysenate.gov	Senator	\N	t	383_michael_gianaris.jpg
725	Todd Kaminsky	Todd	\N	Kaminsky	\N	\N	\N	t	903_todd_kaminsky.jpg
220	Liz Krueger	Liz	\N	Krueger	lkrueger@senate.state.ny.us	Senator	\N	t	401_liz_krueger.jpg
200	Velmanette Montgomery	Velmanette	\N	Montgomery	montgome@senate.state.ny.us	Senator	\N	t	381_velmanette_montgomery.jpg
196	Gustavo Rivera	Gustavo	\N	Rivera	grivera@nysenate.gov	Senator	\N	t	377_gustavo_rivera.jpg
251	James Sanders Jr.	James	\N	Sanders	sanders@nysenate.gov	Senator	Jr.	t	432_james_sanders_jr..jpg
192	Jos M. Serrano	Jos	M.	Serrano	serrano@senate.state.ny.us	Senator	\N	t	373_jose_m._serrano.jpg
219	Toby Ann Stavisky	Toby	\N	Stavisky	stavisky@senate.state.ny.us	Senator	\N	t	400_toby_ann_stavisky.jpg
351	Richard Gottfried	Richard	\N	Gottfried	\N	Assembly Member	\N	t	527_richard_gottfried.jpg
399	Gary Finch	Gary	\N	Finch	\N	Assembly Member	\N	t	573_gary_finch.jpg
417	Crystal Peoples-Stokes	Crystal	\N	Peoples-Stokes	\N	Assembly Member	\N	t	591_crystal_peoples-stokes.jpg
409	David Gantt	David	\N	Gantt	\N	Assembly Member	\N	t	583_david_gantt.jpg
374	Aileen Gunther	Aileen	\N	Gunther	\N	Assembly Member	\N	t	549_aileen_gunther.jpg
396	William Magnarelli	William	\N	Magnarelli	\N	Assembly Member	\N	t	570_william_magnarelli.jpg
296	David McDonough	David	\N	McDonough	\N	Assembly Member	\N	t	480_david_mcdonough.jpg
286	Andrew Raia	Andrew		Raia	\N	Assembly Member	\N	t	462_andrew_raia.jpg
279	Fred Thiele	Fred	\N	Thiele	\N	Assembly Member	\N	t	464_fred_thiele.jpg
231	Daniel L. Squadron	Daniel	L.	Squadron	squadron@nysenate.gov	Senator	\N	t	412_daniel_l._squadron.jpg
234	Thomas F. O'Mara	Thomas	F.	O'Mara	omara@nysenate.gov	Senator	\N	t	415_thomas_f._o'mara.jpg
497	Phil Steck	Phil		Steck	\N	Assembly Member		t	675_phil_steck.jpg
246	Patrick M. Gallivan	Patrick	M.	Gallivan	gallivan@nysenate.gov	Senator	\N	t	427_patrick_m._gallivan.jpg
254	Phil Boyle	Phil	\N	Boyle	pboyle@nysenate.gov	Senator	\N	t	433_phil_boyle.jpg
233	Catharine Young	Catharine	\N	Young	cyoung@senate.state.ny.us	Senator	\N	t	414_catharine_young.jpg
241	Martin J. Golden	Martin	J.	Golden	golden@senate.state.ny.us	Senator	\N	t	422_martin_j._golden.jpg
245	Martin Malav Dilan	Martin	\N	Dilan	dilan@nysenate.gov	Senator	\N	t	426_martin_malave_dilan.jpg
247	Jos Peralta	Jos	\N	Peralta	jperalta@nysenate.gov	Senator	\N	t	428_jos_peralta.jpg
255	George Latimer	George	\N	Latimer	latimer@nysenate.gov	Senator	\N	t	434_george_latimer.jpg
961	Daniel Rosenthal	Daniel		Rosenthal		Assembly Member		t	no_image.jpg
963	Al Taylor	Al		Taylor	taylora@nyassembly.gov	Assembly Member		t	\N
347	Herman D. Farrell	Herman	D.	Farrell	\N	Assembly Member	\N	t	524_herman_d._farrell.jpg
964	Harvey Epstein	Harvey		EPSTEIN		Assembly Member		t	no_image.jpg
965	Ari Espinal	Ari		Espinal		Assembly Member		t	no_image.jpg
966	Nathalia Fernandez	Nathalia		Fernandez		Assembly Member		t	no_image.jpg
967	Steve Stern	Steve		Stern		Assembly Member		t	no_image.jpg
259	Brad Hoylman	Brad	\N	Hoylman	hoylman@nysenate.gov	Senator	\N	t	438_brad_hoylman.jpg
191	Neil D. Breslin	Neil	D.	Breslin	breslin@senate.state.ny.us	Senator	\N	t	372_neil_d._breslin.jpg
203	Joseph P. Addabbo Jr.	Joseph	P.	Addabbo	addabbo@senate.state.ny.us	Senator	Jr.	t	384_joseph_p._addabbo_jr..jpg
924	Jamaal Bailey	Jamaal	\N	Bailey	bailey@nysenate.gov	Senator	\N	t	no_image.jpg
1051	Alessandra Biaggi	Alessandra		Biaggi		Senator		t	no_image.jpg
1074	Patrick Burke	Patrick		Burke		Assembly Member		t	no_image.jpg
1069	Marianne Buttenschon	Marianne		Buttenschon		Assembly Member		t	no_image.jpg
1072	Marjorie Byrnes	Marjorie		Byrnes		Assembly Member		t	no_image.jpg
1062	Catalina Cruz	Catalina		Cruz		Assembly Member		t	no_image.jpg
1058	Joe DeStefano	Joe		DeStefano		Assembly Member		t	no_image.jpg
1063	Simcha Eichenstein	Simcha		Eichenstein		Assembly Member		t	no_image.jpg
1064	Charles Fall	Charles		Fall		Assembly Member		t	no_image.jpg
1042	Jim Gaughran	Jim		Gaughran		Senator		t	no_image.jpg
1049	Andrew Gounardes	Andrew		Gounardes		Senator		t	no_image.jpg
1061	Judy Griffin	Judy		Griffin		Assembly Member		t	no_image.jpg
1053	Pete Harckham	Pete		Harckham		Senator		t	no_image.jpg
1050	Robert Jackson	Robert		Jackson		Senator		t	no_image.jpg
1055	Daphne Jordan	Daphne		Jordan		Senator		t	no_image.jpg
1044	Anna Kaplan	Anna		Kaplan		Senator		t	no_image.jpg
248	Timothy M. Kennedy	Timothy	M.	Kennedy	kennedy@nysenate.gov	Senator	\N	t	429_timothy_m._kennedy.jpg
1059	Mike LiPetri	Mike		LiPetri		Assembly Member		t	no_image.jpg
1045	John Liu	John		Liu		Senator		t	no_image.jpg
1071	Brian Manktelow	Brian		Manktelow		Assembly Member		t	no_image.jpg
1041	Monica Martinez	Monica		Martinez		Senator		t	no_image.jpg
1057	Rachel May	Rachel		May		Senator		t	no_image.jpg
445	Shelley Mayer	Shelley	\N	Mayer	\N	Senator	\N	t	623_shelley_mayer.jpg
1054	Jen Metzger	Jen		Metzger		Senator		t	no_image.jpg
1048	Zellnor Myrie	Zellnor		Myrie		Senator		t	no_image.jpg
235	Kevin S. Parker	Kevin	S.	Parker	parker@senate.state.ny.us	Senator	\N	t	416_kevin_s._parker.jpg
1046	Jessica Ramos	Jessica		Ramos		Senator		t	no_image.jpg
1065	Mike Reilly	Mike		Reilly		Assembly Member		t	no_image.jpg
1073	Jamie Romeo	Jamie		Romeo		Assembly Member		t	no_image.jpg
1047	Julia Salazar	Julia		Salazar		Senator		t	no_image.jpg
1070	John Salka	John		Salka		Assembly Member		t	no_image.jpg
1066	Colin Schmitt	Colin		Schmitt		Assembly Member		t	no_image.jpg
1068	Robert Smullen	Robert		Smullen		Assembly Member		t	no_image.jpg
1043	Kevin Thomas	Kevin		Thomas		Senator		t	no_image.jpg
1067	Mark Walczyk	Mark		Walczyk		Assembly Member		t	no_image.jpg
971	Jake Ashby	Jake		Ashby		Assembly Member		t	
969	Erik T. Bohen	Erik	T.	Bohen		Assembly Member		t	
970	John K. Mikulin	John	K.	Mikulin	mikulinj@nyassembly.gov	Assembly Member		t	
968	Doug Smith	Doug		Smith		Assembly Member		t	
972	Chris Tague	Chris		Tague		Assembly Member		t	
377	Kevin Cahill	Kevin	\N	Cahill	\N	Assembly Member	\N	t	551_kevin_cahill.jpg
371	Ellen C. Jaffee	Ellen	C.	Jaffee	\N	Assembly Member	\N	t	546_ellen_c._jaffee.jpg
1060	Taylor Darling	Taylor		Darling		Assembly Member		t	no_image.jpg
1076	Mathylde Frontus	Mathylde		Frontus		Assembly Member		t	no_image.jpg
1078	Nader sayegh	Nader		sayegh		Assembly Member		t	no_image.jpg
1056	Bob Antonacci	Bob		Antonacci		Senator		t	no_image.jpg
1079	Jonathan Jacobson	Jonathan		Jacobson		Assembly Member		t	no_image.jpg
1075	Karen McMahon	Karen		McMahon		Assembly Member		t	no_image.jpg
1077	Karines Reyes	Karines		Reyes		Assembly Member		t	no_image.jpg
370	Kenneth Zebrowski	Kenneth	\N	Zebrowski	\N	Assembly Member	\N	t	545_"kenneth_zebrowski.jpg
1093	Inez Barron	Inez		Barron		Assembly Member		t	no_image.jpg
1190	George Borrello	George		Borrello		Senator		t	57_george_borrello.jpg
316	Charles Barron	Charles	\N	Barron	\N	Assembly Member	\N	t	493_charles_barron.jpg
741	Alice Cancel	Alice		Cancel		Assembly Member		t	\N
\.


--
-- Data for Name: member; Type: TABLE DATA; Schema: public; Owner: openlegadmin
--

COPY public.member (id, person_id, chamber, incumbent, full_name) FROM stdin;
454	276	senate	f	Hiram Monserrate
492	315	assembly	t	Michael G. Miller
458	310	assembly	f	Barbara Clark
514	337	assembly	t	Matthew Titone
461	299	assembly	f	Grace Meng
578	404	assembly	t	Robert Oaks
463	278	assembly	f	Marc Alessi
522	345	assembly	t	Daniel O'Donnell
465	280	assembly	f	L. Dean Murray
459	311	assembly	t	Michael DenDekker
467	282	assembly	f	Ginny Fields
471	287	assembly	f	James Conte
472	288	assembly	f	Robert Sweeney
530	354	assembly	t	Jose Rivera
475	291	assembly	f	Robert Barra
468	283	assembly	t	Philip Ramos
477	293	assembly	f	Michelle Schimel
536	360	assembly	t	Carmen E. Arroyo
481	297	assembly	f	Harvey Weisenberg
482	298	assembly	f	Thomas Alfano
483	300	assembly	f	Audrey Pheffer
485	302	assembly	f	Rory Lancman
486	303	assembly	f	Ann-Margaret Carrozza
487	304	assembly	f	Nettie Mayersohn
557	383	assembly	t	Clifford Crouch
489	306	assembly	f	William Scarborough
490	307	assembly	f	Margaret Markey
495	318	assembly	f	Rhoda Jacobs
496	319	assembly	f	Karim Camara
497	320	assembly	f	James F. Brennan
561	387	assembly	t	William Magee
499	322	assembly	f	Alec Brook-Krasny
501	324	assembly	t	Dov Hikind
503	326	assembly	t	Joseph Lentol
571	397	assembly	t	Albert A. Stirpe
505	328	assembly	f	Joan Millman
506	329	assembly	f	Vito Lopez
507	330	assembly	f	Darryl Towns
508	331	assembly	f	"William Boyland
509	332	assembly	f	Annette Robinson
510	333	assembly	f	Hakeem Jeffries
575	401	assembly	t	Barbara Lifton
512	335	assembly	f	Alan Maisel
513	336	assembly	f	Janele Hyer-Spencer
515	338	assembly	f	Louis Tobacco
589	415	assembly	t	Stephen Hawley
517	340	assembly	f	Sheldon Silver
518	341	assembly	f	Micah Kellner
474	290	assembly	t	Charles Lavine
521	344	assembly	f	Adam Clayton Powell IV
539	363	assembly	t	J. Gary Pretlow
525	349	assembly	f	Jonathan Bing
574	400	assembly	t	William A. Barclay
1096	918	senate	t	Marisol Alcantara
1099	921	senate	t	Chris Jacobs
529	353	assembly	f	Vanessa Gibson
531	355	assembly	f	Michael Benjamin
532	356	assembly	f	Naomi Rivera
1100	922	senate	t	Elaine Phillips
538	362	assembly	f	Nelson Castro
1103	925	senate	t	James Tedisco
541	365	assembly	f	Robert Castelli
543	368	assembly	f	Richard Brodsky
544	369	assembly	f	Mike Spano
580	406	assembly	f	Joseph Errigo 
547	372	assembly	f	Nancy Calhoun
548	373	assembly	f	Ann Rabbitt
535	359	assembly	f	Carl Heastie
1120	942	assembly	f	Billy Jones
552	378	assembly	f	Joel Miller
553	379	assembly	f	Marcus Molinaro
554	380	assembly	f	John McEneny
555	381	assembly	f	George Amedore
556	382	assembly	f	Ronald Canestrari
558	384	assembly	f	Timothy P. Gordon
559	385	assembly	f	Robert Reilly
560	386	assembly	f	James Tedisco
562	388	assembly	f	Tony Jordan
563	389	assembly	f	Teresa Sayward
564	390	assembly	f	Janet Duprey
565	391	assembly	f	David Townsend
566	392	assembly	f	RoAnn Destito
569	395	assembly	f	Joan Christensen
1118	940	assembly	f	Clyde Vanel
572	398	assembly	f	Dierdre Scozzafava
1105	927	assembly	f	Pamela J. Hunter
1089	911	assembly	f	Alicia Hyndman
577	403	assembly	f	Peter Lopez
568	394	assembly	t	Addie Jenne
581	407	assembly	f	Susan John
584	410	assembly	f	Bill Reilich
585	411	assembly	f	David Koon
586	412	assembly	f	James Bacalles
587	413	assembly	f	Tom O'Mara
588	414	assembly	f	Francine DelMonte
369	188	senate	f	John L. Sampson
1115	937	assembly	t	Melissa Miller
491	314	assembly	t	Catherine Nolan
1076	898	assembly	f	Pamela Harris
494	317	assembly	t	Helene Weinstein
478	294	assembly	t	Thomas McKevitt
390	209	senate	t	Jeffrey D. Klein
419	238	senate	t	Kenneth P. LaValle
374	193	senate	t	William J. Larkin Jr.
439	261	senate	t	Simcha Felder
424	243	senate	t	Kemp Hannon
393	212	senate	t	Joseph A. Griffo
413	232	senate	t	John J. Bonacic
642	464	assembly	t	Andrew Goodell
378	197	senate	f	Shirley L. Huntley
382	201	senate	f	Eric Adams
386	205	senate	f	Owen H. Johnson
387	206	senate	f	Thomas K. Duane
388	207	senate	f	Suzi Oppenheimer
389	208	senate	f	Roy J. McDonald
392	211	senate	f	James S. Alesi
402	221	senate	f	Stephen M. Saland
420	239	senate	f	Carl Kruger
425	244	senate	f	Charles J. Fuschillo Jr.
441	263	senate	f	Thomas P. Morahan
442	264	senate	f	Pedro Espada Jr.
443	265	senate	f	George Onorato
444	266	senate	f	Eric T. Schneiderman
445	267	senate	f	Frank Padavan
446	268	senate	f	Craig M. Johnson
447	269	senate	f	Antoine M Thompson
448	270	senate	f	Brian X. Foley
449	271	senate	f	Vincent L. Leibell
450	272	senate	f	George Winner
1101	923	senate	t	John E. Brooks
370	189	senate	t	David Carlucci
545	370	assembly	t	Kenneth Zebrowski
469	284	assembly	t	Michael J. Fitzpatrick
451	273	senate	f	Darrel J. Aubertine
452	274	senate	f	Dale M. Volker
453	275	senate	f	William T. Stachowski
455	277	senate	f	David Storobin
592	418	assembly	f	Jane Corwin
593	419	assembly	f	Dennis H. Gabryszak
594	420	assembly	f	Sam Hoyt
595	421	assembly	f	Mark J.F. Schroeder
596	422	assembly	f	Jack Quinn III
597	423	assembly	f	Daniel Burling
598	424	assembly	f	James Hayes
600	426	assembly	f	William Parment
601	227	assembly	f	Greg Ball
602	204	assembly	f	Adriano Espaillat
603	202	assembly	f	Michael Gianaris
604	255	assembly	f	George Latimer
605	427	assembly	f	Daniel P. Losquadro
609	431	assembly	f	Phillip Goldfeder
614	436	assembly	f	Rafael Espinal
637	459	assembly	f	John Ceretto
640	462	assembly	f	Kevin Smardz
617	439	assembly	f	Guillermo Linares
619	441	assembly	f	Eric Stevenson
624	446	assembly	f	Steve Katz
627	449	assembly	f	Claudia Tenney
629	451	assembly	f	Sam Roberts
630	452	assembly	f	Donald R. Miller
632	454	assembly	f	Sean T. Hanna
470	254	assembly	f	Phil Boyle
607	429	assembly	t	Brian F. Curran
608	430	assembly	t	Edward Ra
613	435	assembly	t	Francisco Moya
618	440	assembly	t	Dan Quart
633	455	assembly	t	Harry B. Bronson
635	457	assembly	t	Philip Palmesano
636	458	assembly	t	Christopher Friend
385	204	senate	f	Adriano Espaillat
380	199	senate	f	Ruth Hassell-Thompson
410	229	senate	f	Tom Libous
404	223	senate	f	Lee M. Zeldin
430	249	senate	f	Dean G. Skelos
418	237	senate	f	Hugh T. Farley
405	224	senate	f	Malcolm A. Smith
437	258	senate	f	Terry Gipson
436	257	senate	f	Ted O'Brien
408	227	senate	f	Greg Ball
398	217	senate	f	Mark Grisanti
431	250	senate	f	Cecilia Tkaczyk
397	216	senate	f	Jack M. Martins
411	230	senate	f	George D. Maziarz
394	213	senate	f	Michael F. Nozzolio
639	461	assembly	t	Mickey Kearns
626	448	assembly	t	Steven McLaughlin
611	433	assembly	t	Michael Simanowitz
615	437	assembly	t	Nicole Malliotakis
634	456	assembly	t	Mark C. Johns
638	460	assembly	t	Sean Ryan
433	254	senate	t	Phil Boyle
623	445	assembly	t	Shelley Mayer
641	463	assembly	t	Raymond Walter
631	453	assembly	t	Kenneth Blankenbush
421	240	senate	t	Ruben Diaz
407	226	senate	t	Carl L Marcellino
409	228	senate	t	Andrew J Lanza
643	247	assembly	f	Jos Peralta
644	465	assembly	f	Adam Bradley
645	466	assembly	f	Patricia Eddington
647	468	assembly	f	Rob Walker
648	469	assembly	f	Anthony Seminerio
650	471	assembly	f	Ruben Diaz Jr.
652	473	assembly	f	Thomas Kirwan
653	475	assembly	f	Joseph Borelli
396	215	senate	t	Andrea Stewart-Cousins
664	486	assembly	f	Bill Nojay
668	490	assembly	f	Gabriela Rosa
399	218	senate	t	John J. Flanagan
1116	938	assembly	f	Jaime R. Williams
610	432	assembly	t	Edward Braunstein
612	434	assembly	t	Aravella Simotas
620	442	assembly	t	Mark Gjonaj
890	712	senate	t	Susan Serino
891	713	senate	t	Terrence P. Murphy
899	721	assembly	t	Michael Blake
646	467	assembly	t	Keith L.T. Wright
907	729	assembly	t	Jo Anne Simon
908	730	assembly	t	Karl Brabenec
654	476	assembly	t	David Buchwald
655	477	assembly	t	Maritza Davila
657	479	assembly	t	Patricia Fahy
658	480	assembly	t	Andrew R. Garbarino
660	482	assembly	t	Kieran Michael Lalor
661	483	assembly	t	Chad A. Lupinacci
663	485	assembly	t	Walter T. Mosley
904	726	assembly	f	Guillermo Linares
677	499	assembly	f	Edward Hennessey
903	725	assembly	f	Todd Kaminsky
895	717	senate	f	Michael Venditto
911	733	assembly	f	Angela Wozniak
894	716	senate	f	Marc Panepinto
905	727	assembly	f	Roxanne Persaud
667	489	assembly	t	Victor M. Pichardo
671	493	assembly	t	Luis R. Seplveda
672	494	assembly	t	James Skoufis
674	496	assembly	t	Dan Stec
828	650	assembly	t	Peter Lopez
673	495	assembly	t	Michaelle C. Solages
886	708	assembly	t	Carrie Woerner
651	472	assembly	t	Al Graf
909	731	assembly	t	Peter Lawrence
670	492	assembly	t	Angelo Santabarbara
912	734	assembly	t	Diana Richardson
900	722	assembly	t	Erik Dilan
665	487	assembly	t	Steven Otis
599	425	assembly	t	Joseph Giglio
906	728	assembly	t	Rebecca Seawright
666	488	assembly	t	Anthony H. Palumbo
951	773	senate	t	Pamela Helming
919	741	assembly	f	Alice Cancel
676	498	assembly	f	Aurelia Greene
898	720	assembly	t	Rodneyse Bichotte
659	481	assembly	t	Ron Kim
901	723	assembly	t	Kimberly Jean-Pierre
902	724	assembly	t	Latoya Joyner
662	484	assembly	t	John T. McDonald III
669	491	assembly	t	Nily Rozic
456	308	assembly	t	Michele Titus
457	309	assembly	t	Vivian Cook
460	312	assembly	t	Jeffrion Aubry
590	416	assembly	t	Robin Schimminger
466	281	assembly	t	Steven Englebright
473	289	assembly	t	Joseph Saladino
476	292	assembly	t	Michael Montesano
479	295	assembly	t	Earlene Hooper
484	301	assembly	t	David Weprin
616	438	assembly	t	Robert J. Rodriguez
488	305	assembly	t	Andrew Hevesi
621	443	assembly	t	Sandy Galef
622	444	assembly	t	Thomas Abinanti
625	447	assembly	t	Didi Barrett
498	321	assembly	t	Steven Cymbrowitz
371	190	senate	t	James L. Seward
500	323	assembly	t	William Colton
628	450	assembly	t	Anthony Brindisi
885	707	senate	t	Robert Ortt
502	325	assembly	t	Peter Abbate
375	194	senate	t	Bill Perkins
887	709	senate	t	Rich Funke
504	327	assembly	t	Felix Ortiz
376	195	senate	t	John A. DeFrancisco
889	711	senate	t	Jesse Hamilton
379	198	senate	t	Betty Little
892	714	senate	t	George Amedore
893	715	senate	t	Thomas Croci
511	334	assembly	t	N. Nick Perry
1129	951	assembly	t	Carmen De La Rosa
1130	952	assembly	t	Anthony D'Urso
1131	953	assembly	t	Stacey Pheffer Amato
1123	945	assembly	f	Kevin M. Byrne
1132	954	assembly	f	Yuh-Line Niou
1119	941	assembly	f	Brian Barnwell
1007	829	assembly	f	Ron Castorina, Jr.
1133	955	assembly	f	Monica P. Wallace
1134	956	assembly	t	Tremaine Wright
1135	957	assembly	f	Angelo J. Morinello
1137	959	assembly	t	Christine Pellegrino
1122	944	assembly	f	Robert C. Carroll
1125	947	assembly	f	Brian D. Miller
1126	948	assembly	f	Michael J. Norris
1127	949	assembly	f	Mary Beth Walsh
1128	950	assembly	f	Inez E. Dickens
896	718	assembly	t	Latrice Walker
516	339	assembly	t	Michael Cusick
519	342	assembly	t	Deborah Glick
391	210	senate	t	Tony Avella
520	343	assembly	t	Linda Rosenthal
528	352	assembly	f	Peter Rivera
395	214	senate	t	David J. Valesky
910	732	assembly	t	Dean Murray
526	350	assembly	t	Brian Kavanagh
656	478	assembly	t	David DiPietro
913	735	senate	t	Fredrick J Akshar II
403	222	senate	t	Diane J. Savino
533	357	assembly	t	Jeffrey Dinowitz
406	225	senate	t	Michael H. Ranzenhofer
534	358	assembly	t	Michael Benedetto
537	361	assembly	t	Marcos Crespo
412	231	senate	t	Daniel L. Squadron
540	364	assembly	t	Amy Paulin
415	234	senate	t	Thomas F. O'Mara
675	497	assembly	t	Phil Steck
550	376	assembly	t	Frank Skartados 
422	241	senate	t	Martin J. Golden
423	242	senate	t	Patty Ritchie
426	245	senate	t	Martin Malav Dilan
427	246	senate	t	Patrick M. Gallivan
428	247	senate	t	Jos Peralta
434	255	senate	t	George Latimer
435	256	senate	t	Kathleen A. Marchione
567	393	assembly	t	Marc Butler
576	402	assembly	t	Donna Lupardo
579	405	assembly	t	Brian Kolb
582	408	assembly	t	Joseph Morelle
1139	961	assembly	f	Daniel Rosenthal
1141	963	assembly	f	Al Taylor
524	347	assembly	f	Herman D. Farrell
1140	350	senate	t	Brian Kavanagh
1144	964	assembly	t	Harvey Epstein
1145	965	assembly	t	Ari Espinal
1146	966	assembly	t	Nathalia Fernandez
1147	967	assembly	t	Steve Stern
372	191	senate	t	Neil D. Breslin
384	203	senate	f	Joseph P. Addabbo Jr.
1136	958	senate	t	Brian Benjamin
888	710	senate	t	Leroy Comrie
383	202	senate	t	Michael Gianaris
918	725	senate	t	Todd Kaminsky
429	248	senate	t	Timothy M. Kennedy
401	220	senate	t	Liz Krueger
1143	445	senate	t	Shelley Mayer
381	200	senate	t	Velmanette Montgomery
416	235	senate	t	Kevin S. Parker
914	736	senate	t	Roxanne J Persaud
377	196	senate	t	Gustavo Rivera
432	251	senate	t	James Sanders Jr.
1142	493	senate	t	Luis R. Seplveda
373	192	senate	t	Jos M. Serrano
400	219	senate	t	Toby Ann Stavisky
1151	971	assembly	t	Jake Ashby
1149	969	assembly	t	Erik T. Bohen
527	351	assembly	t	Richard Gottfried
1150	970	assembly	t	John K. Mikulin
551	377	assembly	t	Kevin Cahill
1148	968	assembly	t	Doug Smith
1152	972	assembly	t	Chris Tague
591	417	assembly	t	Crystal Peoples-Stokes
573	399	assembly	t	Gary Finch
583	409	assembly	t	David Gantt
549	374	assembly	t	Aileen Gunther
546	371	assembly	t	Ellen C. Jaffee
570	396	assembly	t	William Magnarelli
480	296	assembly	t	David McDonough
462	286	assembly	t	Andrew Raia
464	279	assembly	t	Fred Thiele
438	259	senate	t	Brad Hoylman
1236	1056	senate	t	Bob Antonacci
1102	924	senate	t	Jamaal Bailey
1231	1051	senate	t	Alessandra Biaggi
1254	1074	assembly	t	Patrick Burke
1249	1069	assembly	t	Marianne Buttenschon
1252	1072	assembly	t	Marjorie Byrnes
1242	1062	assembly	t	Catalina Cruz
1238	1058	assembly	t	Joe DeStefano
1243	1063	assembly	t	Simcha Eichenstein
1244	1064	assembly	t	Charles Fall
1256	1076	assembly	t	Mathylde Frontus
1222	1042	senate	t	Jim Gaughran
1229	1049	senate	t	Andrew Gounardes
1241	1061	assembly	t	Judy Griffin
1233	1053	senate	t	Pete Harckham
1230	1050	senate	t	Robert Jackson
1259	1079	assembly	t	Jonathan Jacobson
1235	1055	senate	t	Daphne Jordan
1224	1044	senate	t	Anna Kaplan
1239	1059	assembly	t	Mike LiPetri
1225	1045	senate	t	John Liu
1251	1071	assembly	t	Brian Manktelow
1221	1041	senate	t	Monica Martinez
1237	1057	senate	t	Rachel May
1255	1075	assembly	t	Karen McMahon
1234	1054	senate	t	Jen Metzger
1228	1048	senate	t	Zellnor Myrie
1226	1046	senate	t	Jessica Ramos
1245	1065	assembly	t	Mike Reilly
1257	1077	assembly	t	Karines Reyes
417	236	senate	t	Joseph E. Robach
1253	1073	assembly	t	Jamie Romeo
1227	1047	senate	t	Julia Salazar
1250	1070	assembly	t	John Salka
1258	1078	assembly	t	Nader sayegh
1246	1066	assembly	t	Colin Schmitt
1232	494	senate	t	James Skoufis
1248	1068	assembly	t	Robert Smullen
1223	1043	senate	t	Kevin Thomas
1247	1067	assembly	t	Mark Walczyk
1273	1093	assembly	f	Inez Barron
1240	1060	assembly	t	Taylor Darling
1370	1190	senate	t	George Borrello
493	316	assembly	t	Charles Barron
414	233	senate	f	Catharine Young
\.


--
-- Data for Name: session_member; Type: TABLE DATA; Schema: public; Owner: openlegadmin
--

COPY public.session_member (id, member_id, lbdc_short_name, session_year, district_code, alternate) FROM stdin;
1	369	SAMPSON	2009	19	f
2	441	MORAHAN	2009	38	f
3	371	SEWARD	2009	51	f
4	372	BRESLIN	2009	46	f
5	373	SERRANO	2009	28	f
6	374	LARKIN	2009	39	f
7	375	PERKINS	2009	30	f
8	376	DEFRANCISCO	2009	50	f
9	442	ESPADA	2009	33	f
10	378	HUNTLEY	2009	10	f
11	379	LITTLE	2009	45	f
12	380	HASSELL-THOMPSON	2009	36	f
13	381	MONTGOMERY	2009	18	f
14	382	ADAMS	2009	20	f
15	443	ONORATO	2009	12	f
16	384	ADDABBO	2009	15	f
17	444	SCHNEIDERMAN	2009	31	f
18	387	DUANE	2009	29	f
19	388	OPPENHEIMER	2009	37	f
20	389	MCDONALD	2009	43	f
21	390	KLEIN	2009	34	f
22	445	PADAVAN	2009	11	f
23	392	ALESI	2009	55	f
24	393	GRIFFO	2009	47	f
25	394	NOZZOLIO	2009	54	f
26	395	VALESKY	2009	49	f
27	396	STEWART-COUSINS	2009	35	f
28	447	THOMPSON	2009	60	f
29	399	FLANAGAN	2009	2	f
30	400	STAVISKY	2009	16	f
31	401	KRUEGER	2009	26	f
32	402	SALAND	2009	41	f
33	403	SAVINO	2009	23	f
34	448	FOLEY	2009	3	f
35	405	SMITH	2009	14	f
36	406	RANZENHOFER	2009	61	f
37	407	MARCELLINO	2009	5	f
38	449	LEIBELL	2009	40	f
39	409	LANZA	2009	24	f
40	410	LIBOUS	2009	52	f
41	411	MAZIARZ	2009	62	f
42	412	SQUADRON	2009	25	f
43	413	BONACIC	2009	42	f
44	414	YOUNG	2009	57	f
45	450	WINNER	2009	53	f
46	416	PARKER	2009	21	f
47	417	ROBACH	2009	56	f
48	418	FARLEY	2009	44	f
49	419	LAVALLE	2009	1	f
50	420	KRUGER	2009	27	f
51	421	DIAZ	2009	32	f
52	422	GOLDEN	2009	22	f
53	451	AUBERTINE	2009	48	f
54	424	HANNON	2009	6	f
55	425	FUSCHILLO	2009	8	f
56	426	DILAN	2009	17	f
57	452	VOLKER	2009	59	f
58	428	PERALTA	2009	13	f
59	453	STACHOWSKI	2009	58	f
60	430	SKELOS	2009	9	f
61	386	JOHNSON O	2009	4	f
62	446	JOHNSON C	2009	7	f
63	369	SAMPSON	2011	19	f
64	370	CARLUCCI	2011	38	f
65	371	SEWARD	2011	51	f
66	372	BRESLIN	2011	46	f
67	373	SERRANO	2011	28	f
68	374	LARKIN	2011	39	f
69	375	PERKINS	2011	30	f
70	376	DEFRANCISCO	2011	50	f
71	377	RIVERA	2011	33	f
72	378	HUNTLEY	2011	10	f
73	379	LITTLE	2011	45	f
74	380	HASSELL-THOMPSON	2011	36	f
75	381	MONTGOMERY	2011	18	f
76	382	ADAMS	2011	20	f
77	383	GIANARIS	2011	12	f
78	384	ADDABBO	2011	15	f
79	385	ESPAILLAT	2011	31	f
80	386	JOHNSON	2011	4	f
81	387	DUANE	2011	29	f
82	388	OPPENHEIMER	2011	37	f
83	389	MCDONALD	2011	43	f
84	390	KLEIN	2011	34	f
85	391	AVELLA	2011	11	f
86	392	ALESI	2011	55	f
87	393	GRIFFO	2011	47	f
88	394	NOZZOLIO	2011	54	f
89	395	VALESKY	2011	49	f
90	396	STEWART-COUSINS	2011	35	f
91	397	MARTINS	2011	7	f
92	398	GRISANTI	2011	60	f
93	399	FLANAGAN	2011	2	f
94	400	STAVISKY	2011	16	f
95	401	KRUEGER	2011	26	f
96	402	SALAND	2011	41	f
97	403	SAVINO	2011	23	f
98	404	ZELDIN	2011	3	f
99	405	SMITH	2011	14	f
100	406	RANZENHOFER	2011	61	f
101	407	MARCELLINO	2011	5	f
102	408	BALL	2011	40	f
103	409	LANZA	2011	24	f
104	410	LIBOUS	2011	52	f
105	411	MAZIARZ	2011	62	f
106	412	SQUADRON	2011	25	f
107	413	BONACIC	2011	42	f
108	414	YOUNG	2011	57	f
109	415	O'MARA	2011	53	f
110	416	PARKER	2011	21	f
111	417	ROBACH	2011	56	f
112	418	FARLEY	2011	44	f
113	419	LAVALLE	2011	1	f
114	420	KRUGER	2011	27	f
115	421	DIAZ	2011	32	f
116	422	GOLDEN	2011	22	f
117	423	RITCHIE	2011	48	f
118	424	HANNON	2011	6	f
119	425	FUSCHILLO	2011	8	f
120	426	DILAN	2011	17	f
121	427	GALLIVAN	2011	59	f
122	428	PERALTA	2011	13	f
123	429	KENNEDY	2011	58	f
124	430	SKELOS	2011	9	f
125	369	SAMPSON	2013	19	f
126	370	CARLUCCI	2013	38	f
127	371	SEWARD	2013	51	f
128	431	TKACZYK	2013	46	f
129	401	KRUEGER	2013	28	f
130	374	LARKIN	2013	39	f
131	375	PERKINS	2013	30	f
132	376	DEFRANCISCO	2013	50	f
133	377	RIVERA	2013	33	f
134	432	SANDERS	2013	10	f
135	379	LITTLE	2013	45	f
136	380	HASSELL-THOMPSON	2013	36	f
137	426	DILAN	2013	18	f
138	383	GIANARIS	2013	12	f
139	384	ADDABBO	2013	15	f
140	385	ESPAILLAT	2013	31	f
141	433	BOYLE	2013	4	f
142	373	SERRANO	2013	29	f
143	434	LATIMER	2013	37	f
144	435	MARCHIONE	2013	43	f
145	390	KLEIN	2013	34	f
146	429	KENNEDY	2013	63	f
147	391	AVELLA	2013	11	f
148	436	O'BRIEN	2013	55	f
149	393	GRIFFO	2013	47	f
150	394	NOZZOLIO	2013	54	f
151	418	FARLEY	2013	49	f
152	396	STEWART-COUSINS	2013	35	f
153	397	MARTINS	2013	7	f
154	398	GRISANTI	2013	60	f
155	399	FLANAGAN	2013	2	f
156	400	STAVISKY	2013	16	f
157	412	SQUADRON	2013	26	f
158	437	GIPSON	2013	41	f
159	403	SAVINO	2013	23	f
160	404	ZELDIN	2013	3	f
161	405	SMITH	2013	14	f
162	406	RANZENHOFER	2013	61	f
163	407	MARCELLINO	2013	5	f
164	408	BALL	2013	40	f
165	409	LANZA	2013	24	f
166	410	LIBOUS	2013	52	f
167	411	MAZIARZ	2013	62	f
168	381	MONTGOMERY	2013	25	f
169	413	BONACIC	2013	42	f
170	414	YOUNG	2013	57	f
171	395	VALESKY	2013	53	f
172	416	PARKER	2013	21	f
173	417	ROBACH	2013	56	f
174	372	BRESLIN	2013	44	f
175	419	LAVALLE	2013	1	f
176	438	HOYLMAN	2013	27	f
177	421	DIAZ	2013	32	f
178	422	GOLDEN	2013	22	f
179	423	RITCHIE	2013	48	f
180	424	HANNON	2013	6	f
181	439	FELDER	2013	17	f
182	427	GALLIVAN	2013	59	f
183	415	O'MARA	2013	58	f
184	430	SKELOS	2013	9	f
185	425	FUSCHILLO	2013	8	f
186	382	ADAMS	2013	20	f
187	428	PERALTA	2013	13	f
188	454	MONSERRATE	2009	13	f
189	455	STOROBIN	2011	27	f
190	463	ALESSI	2009	1	f
191	536	ARROYO	2009	84	f
192	518	KELLNER	2009	65	f
193	508	BOYLAND	2009	55	f
194	603	GIANARIS	2009	36	f
195	543	BRODSKY	2009	92	f
196	571	STIRPE	2009	121	f
197	479	HOOPER	2009	18	f
198	544	SPANO	2009	93	f
199	495	JACOBS	2009	42	f
200	553	MOLINARO	2009	103	f
201	513	HYER-SPENCER	2009	60	f
202	574	BARCLAY	2009	124	f
203	511	PERRY	2009	58	f
204	537	CRESPO	2009	85	f
205	510	JEFFRIES	2009	57	f
206	599	GIGLIO	2009	149	f
207	456	TITUS	2009	31	f
211	459	DENDEKKER	2009	34	f
212	520	ROSENTHAL	2009	67	f
213	477	SCHIMEL	2009	16	f
214	526	KAVANAGH	2009	74	f
215	473	SALADINO	2009	12	f
216	481	WEISENBERG	2009	20	f
217	535	HEASTIE	2009	83	f
218	516	CUSICK	2009	63	f
219	569	CHRISTENSEN	2009	119	f
220	525	BING	2009	73	f
221	579	KOLB	2009	129	f
222	533	DINOWITZ	2009	81	f
223	472	SWEENEY	2009	11	f
224	524	FARRELL	2009	71	f
225	457	COOK	2009	32	f
226	484	WEPRIN	2009	24	f
230	517	SILVER	2009	64	f
231	559	REILLY	2009	109	f
232	512	MAISEL	2009	59	f
233	499	BROOK-KRASNY	2009	46	f
234	578	OAKS	2009	128	f
235	471	CONTE	2009	10	f
236	505	MILLMAN	2009	52	f
237	500	COLTON	2009	47	f
238	507	TOWNS	2009	54	f
239	469	FITZPATRICK	2009	7	f
241	519	GLICK	2009	66	f
242	501	HIKIND	2009	48	f
243	458	CLARK	2009	33	f
244	589	HAWLEY	2009	139	f
245	540	PAULIN	2009	88	f
246	550	SKARTADOS	2009	100	f
247	573	FINCH	2009	123	f
248	487	MAYERSOHN	2009	27	f
249	521	POWELL	2009	68	f
250	482	ALFANO	2009	21	f
251	465	MURRAY	2009	3	f
252	555	AMEDORE	2009	105	f
253	467	FIELDS	2009	5	f
255	462	RAIA	2009	9	f
256	460	AUBRY	2009	35	f
257	597	BURLING	2009	147	f
258	593	GABRYSZAK	2009	143	f
259	529	GIBSON	2009	77	f
260	556	CANESTRARI	2009	106	f
263	489	SCARBOROUGH	2009	29	f
264	575	LIFTON	2009	125	f
265	567	BUTLER	2009	117	f
266	480	MCDONOUGH	2009	19	f
267	587	O'MARA	2009	137	f
268	590	SCHIMMINGER	2009	140	f
269	478	MCKEVITT	2009	17	f
270	538	CASTRO	2009	86	f
271	565	TOWNSEND	2009	115	f
272	490	MARKEY	2009	30	f
273	464	THIELE	2009	2	f
274	497	BRENNAN	2009	44	f
275	581	JOHN	2009	131	f
276	483	PHEFFER	2009	23	f
277	596	QUINN	2009	146	f
278	585	KOON	2009	135	f
279	583	GANTT	2009	133	f
280	534	BENEDETTO	2009	82	f
281	588	DELMONTE	2009	138	f
282	562	JORDAN	2009	112	f
283	547	CALHOUN	2009	96	f
284	563	SAYWARD	2009	113	f
285	592	CORWIN	2009	142	f
286	584	REILICH	2009	134	f
287	461	MENG	2009	22	f
288	498	CYMBROWITZ	2009	45	f
290	601	BALL	2009	99	f
291	514	TITONE	2009	61	f
292	576	LUPARDO	2009	126	f
293	595	SCHROEDER	2009	145	f
295	548	RABBITT	2009	97	f
296	503	LENTOL	2009	50	f
297	474	LAVINE	2009	13	f
298	509	ROBINSON	2009	56	f
299	486	CARROZZA	2009	26	f
300	568	RUSSELL	2009	118	f
301	539	PRETLOW	2009	87	f
302	604	LATIMER	2009	91	f
303	522	O'DONNELL	2009	69	f
304	580	ERRIGO	2009	130	f
305	488	HEVESI	2009	28	f
306	591	PEOPLES-STOKES	2009	141	f
307	570	MAGNARELLI	2009	120	f
308	475	BARRA	2009	14	f
309	560	TEDISCO	2009	110	f
310	476	MONTESANO	2009	15	f
311	485	LANCMAN	2009	25	f
312	602	ESPAILLAT	2009	72	f
262	577	LOPEZ P	2009	127	f
227	492	MILLER M	2009	38	f
228	552	MILLER J	2009	102	f
208	528	RIVERA P	2009	76	f
209	530	RIVERA J	2009	78	f
210	532	RIVERA N	2009	80	f
240	644	BRADLEY	2009	89	f
254	645	EDDINGTON	2009	3	f
294	646	WRIGHT	2009	70	f
313	582	MORELLE	2009	132	f
315	496	CAMARA	2009	43	f
317	549	GUNTHER	2009	98	f
319	515	TOBACCO	2009	62	f
321	527	GOTTFRIED	2009	75	f
323	466	ENGLEBRIGHT	2009	4	f
325	557	CROUCH	2009	107	f
327	470	BOYLE	2009	8	f
329	600	PARMENT	2009	150	f
331	504	ORTIZ	2009	51	f
333	494	WEINSTEIN	2009	41	f
335	531	BENJAMIN	2009	79	f
338	566	DESTITO	2009	116	f
339	468	RAMOS	2009	6	f
340	586	BACALLES	2009	136	f
342	554	MCENENY	2009	104	f
344	594	HOYT	2009	144	f
316	551	CAHILL	2009	101	f
318	546	JAFFEE	2009	95	f
320	545	ZEBROWSKI	2009	94	f
322	541	CASTELLI	2009	89	f
324	491	NOLAN	2009	37	f
326	564	DUPREY	2009	114	f
328	558	GORDON	2009	108	f
330	572	SCOZZAFAVA	2009	122	f
337	621	GALEF	2009	90	f
341	502	ABBATE	2009	49	f
343	598	HAYES	2009	148	f
345	561	MAGEE	2009	111	f
261	506	LOPEZ V	2009	53	f
332	643	PERALTA	2009	39	f
334	648	SEMINERIO	2009	38	f
314	647	WALKER	2009	15	f
346	650	DIAZ	2009	85	f
347	536	ARROYO	2011	84	f
348	518	KELLNER	2011	65	f
349	508	BOYLAND	2011	55	f
350	625	BARRETT	2011	103	f
351	627	TENNEY	2011	115	f
352	642	GOODELL	2011	150	f
353	479	HOOPER	2011	18	f
355	495	JACOBS	2011	42	f
357	632	HANNA	2011	130	f
358	574	BARCLAY	2011	124	f
359	537	CRESPO	2011	85	f
360	510	JEFFRIES	2011	57	f
361	511	PERRY	2011	58	f
362	599	GIGLIO	2011	149	f
363	456	TITUS	2011	31	f
364	607	CURRAN	2011	14	f
365	605	LOSQUADRO	2011	1	f
366	459	DENDEKKER	2011	34	f
367	526	KAVANAGH	2011	74	f
368	477	SCHIMEL	2011	16	f
369	520	ROSENTHAL	2011	67	f
370	473	SALADINO	2011	12	f
371	481	WEISENBERG	2011	20	f
372	535	HEASTIE	2011	83	f
373	516	CUSICK	2011	63	f
374	626	MCLAUGHLIN	2011	108	f
376	635	PALMESANO	2011	136	f
377	579	KOLB	2011	129	f
378	638	RYAN	2011	144	f
379	533	DINOWITZ	2011	81	f
380	472	SWEENEY	2011	11	f
381	524	FARRELL	2011	71	f
382	457	COOK	2011	32	f
383	517	SILVER	2011	64	f
384	484	WEPRIN	2011	24	f
385	628	BRINDISI	2011	116	f
386	559	REILLY	2011	109	f
387	512	MAISEL	2011	59	f
388	499	BROOK-KRASNY	2011	46	f
389	614	ESPINAL	2011	54	f
390	613	MOYA	2011	39	f
391	578	OAKS	2011	128	f
392	471	CONTE	2011	10	f
393	505	MILLMAN	2011	52	f
394	500	COLTON	2011	47	f
396	469	FITZPATRICK	2011	7	f
397	616	RODRIGUEZ	2011	68	f
398	519	GLICK	2011	66	f
399	501	HIKIND	2011	48	f
400	458	CLARK	2011	33	f
401	550	SKARTADOS	2011	100	f
402	633	BRONSON	2011	131	f
403	540	PAULIN	2011	88	f
404	589	HAWLEY	2011	139	f
405	573	FINCH	2011	123	f
407	637	CERETTO	2011	138	f
408	631	BLANKENBUSH	2011	122	f
409	641	WALTER	2011	148	f
410	465	MURRAY	2011	3	f
411	555	AMEDORE	2011	105	f
412	624	KATZ	2011	99	f
413	462	RAIA	2011	9	f
414	636	FRIEND	2011	137	f
415	460	AUBRY	2011	35	f
416	617	LINARES	2011	72	f
417	610	BRAUNSTEIN	2011	26	f
418	597	BURLING	2011	147	f
419	529	GIBSON	2011	77	f
420	593	GABRYSZAK	2011	143	f
421	609	GOLDFEDER	2011	23	f
422	556	CANESTRARI	2011	106	f
423	575	LIFTON	2011	125	f
424	489	SCARBOROUGH	2011	29	f
425	612	SIMOTAS	2011	36	f
426	567	BUTLER	2011	117	f
427	480	MCDONOUGH	2011	19	f
428	590	SCHIMMINGER	2011	140	f
429	478	MCKEVITT	2011	17	f
430	538	CASTRO	2011	86	f
431	618	QUART	2011	73	f
432	639	KEARNS	2011	145	f
433	490	MARKEY	2011	30	f
434	464	THIELE	2011	2	f
435	623	MAYER	2011	93	f
436	497	BRENNAN	2011	44	f
438	583	GANTT	2011	133	f
439	534	BENEDETTO	2011	82	f
440	562	JORDAN	2011	112	f
441	563	SAYWARD	2011	113	f
442	547	CALHOUN	2011	96	f
443	592	CORWIN	2011	142	f
444	584	REILICH	2011	134	f
445	461	MENG	2011	22	f
447	498	CYMBROWITZ	2011	45	f
448	514	TITONE	2011	61	f
449	576	LUPARDO	2011	126	f
452	634	JOHNS	2011	135	f
453	503	LENTOL	2011	50	f
454	548	RABBITT	2011	97	f
455	474	LAVINE	2011	13	f
456	509	ROBINSON	2011	56	f
457	629	ROBERTS	2011	119	f
458	615	MALLIOTAKIS	2011	60	f
459	568	RUSSELL	2011	118	f
460	539	PRETLOW	2011	87	f
461	604	LATIMER	2011	91	f
462	622	ABINANTI	2011	92	f
463	522	O'DONNELL	2011	69	f
464	488	HEVESI	2011	28	f
465	591	PEOPLES-STOKES	2011	141	f
466	570	MAGNARELLI	2011	120	f
467	560	TEDISCO	2011	110	f
468	485	LANCMAN	2011	25	f
469	476	MONTESANO	2011	15	f
470	582	MORELLE	2011	132	f
471	496	CAMARA	2011	43	f
472	551	CAHILL	2011	101	f
473	549	GUNTHER	2011	98	f
474	546	JAFFEE	2011	95	f
475	515	TOBACCO	2011	62	f
476	527	GOTTFRIED	2011	75	f
477	545	ZEBROWSKI	2011	94	f
478	466	ENGLEBRIGHT	2011	4	f
479	541	CASTELLI	2011	89	f
480	491	NOLAN	2011	37	f
481	564	DUPREY	2011	114	f
482	557	CROUCH	2011	107	f
375	525	BING	2011	73	f
450	646	WRIGHT	2011	70	f
395	507	TOWNS	2011	54	f
406	487	MAYERSOHN	2011	27	f
356	553	MOLINARO	2011	103	f
437	483	PHEFFER	2011	23	f
451	595	SCHROEDER	2011	145	f
354	544	SPANO	2011	93	f
483	470	BOYLE	2011	8	f
484	611	SIMANOWITZ	2011	27	f
485	504	ORTIZ	2011	51	f
486	640	SMARDZ	2011	146	f
487	494	WEINSTEIN	2011	41	f
489	621	GALEF	2011	90	f
490	468	RAMOS	2011	6	f
491	619	STEVENSON	2011	79	f
492	502	ABBATE	2011	49	f
494	554	MCENENY	2011	104	f
496	561	MAGEE	2011	111	f
497	608	RA	2011	21	f
498	506	LOPEZ V	2011	53	f
499	577	LOPEZ P	2011	127	f
500	492	MILLER M	2011	38	f
501	630	MILLER D	2011	121	f
502	552	MILLER J	2011	102	f
503	528	RIVERA P	2011	76	f
504	532	RIVERA N	2011	80	f
505	530	RIVERA J	2011	78	f
506	652	KIRWAN	2011	100	f
488	566	DESTITO	2011	116	f
493	598	HAYES	2011	148	f
495	594	HOYT	2011	144	f
508	492	MILLER	2013	38	f
509	502	ABBATE	2013	49	f
510	622	ABINANTI	2013	92	f
511	536	ARROYO	2013	84	f
512	460	AUBRY	2013	35	f
513	574	BARCLAY	2013	124	f
514	625	BARRETT	2013	103	f
516	534	BENEDETTO	2013	82	f
517	631	BLANKENBUSH	2013	122	f
518	508	BOYLAND	2013	55	f
519	610	BRAUNSTEIN	2013	26	f
520	497	BRENNAN	2013	44	f
521	628	BRINDISI	2013	116	f
522	633	BRONSON	2013	131	f
523	499	BROOK-KRASNY	2013	46	f
524	567	BUTLER	2013	117	f
525	551	CAHILL	2013	101	f
526	496	CAMARA	2013	43	f
527	538	CASTRO	2013	86	f
528	637	CERETTO	2013	138	f
529	458	CLARK	2013	33	f
530	500	COLTON	2013	47	f
531	457	COOK	2013	32	f
532	592	CORWIN	2013	142	f
533	537	CRESPO	2013	85	f
534	557	CROUCH	2013	107	f
535	607	CURRAN	2013	14	f
536	516	CUSICK	2013	63	f
537	498	CYMBROWITZ	2013	45	f
538	459	DENDEKKER	2013	34	f
539	533	DINOWITZ	2013	81	f
540	564	DUPREY	2013	114	f
541	466	ENGLEBRIGHT	2013	4	f
542	614	ESPINAL	2013	54	f
543	524	FARRELL	2013	71	f
544	573	FINCH	2013	123	f
545	469	FITZPATRICK	2013	7	f
546	636	FRIEND	2013	137	f
547	593	GABRYSZAK	2013	143	f
548	621	GALEF	2013	90	f
549	583	GANTT	2013	133	f
550	529	GIBSON	2013	77	f
551	599	GIGLIO	2013	149	f
552	620	GJONAJ	2013	80	f
553	519	GLICK	2013	66	f
554	609	GOLDFEDER	2013	23	f
555	642	GOODELL	2013	150	f
556	527	GOTTFRIED	2013	75	f
558	549	GUNTHER	2013	98	f
559	589	HAWLEY	2013	139	f
560	535	HEASTIE	2013	83	f
561	488	HEVESI	2013	28	f
562	501	HIKIND	2013	48	f
563	479	HOOPER	2013	18	f
564	495	JACOBS	2013	42	f
565	546	JAFFEE	2013	95	f
566	634	JOHNS	2013	135	f
567	562	JORDAN	2013	112	f
568	624	KATZ	2013	99	f
569	526	KAVANAGH	2013	74	f
570	639	KEARNS	2013	145	f
571	518	KELLNER	2013	65	f
572	579	KOLB	2013	129	f
573	474	LAVINE	2013	13	f
574	503	LENTOL	2013	50	f
575	575	LIFTON	2013	125	f
576	605	LOSQUADRO	2013	1	f
577	576	LUPARDO	2013	126	f
578	561	MAGEE	2013	111	f
579	570	MAGNARELLI	2013	120	f
580	512	MAISEL	2013	59	f
581	615	MALLIOTAKIS	2013	60	f
582	490	MARKEY	2013	30	f
583	623	MAYER	2013	93	f
584	480	MCDONOUGH	2013	19	f
585	478	MCKEVITT	2013	17	f
586	626	MCLAUGHLIN	2013	108	f
587	505	MILLMAN	2013	52	f
588	476	MONTESANO	2013	15	f
589	582	MORELLE	2013	132	f
590	613	MOYA	2013	39	f
591	491	NOLAN	2013	37	f
592	522	O'DONNELL	2013	69	f
593	578	OAKS	2013	128	f
594	504	ORTIZ	2013	51	f
595	635	PALMESANO	2013	136	f
596	540	PAULIN	2013	88	f
597	591	PEOPLES-STOKES	2013	141	f
598	511	PERRY	2013	58	f
599	539	PRETLOW	2013	87	f
600	618	QUART	2013	73	f
601	608	RA	2013	21	f
602	548	RABBITT	2013	97	f
603	462	RAIA	2013	9	f
604	468	RAMOS	2013	6	f
605	584	REILICH	2013	134	f
606	629	ROBERTS	2013	119	f
607	509	ROBINSON	2013	56	f
608	616	RODRIGUEZ	2013	68	f
609	520	ROSENTHAL	2013	67	f
610	568	RUSSELL	2013	118	f
611	638	RYAN	2013	144	f
612	473	SALADINO	2013	12	f
613	489	SCARBOROUGH	2013	29	f
614	477	SCHIMEL	2013	16	f
615	590	SCHIMMINGER	2013	140	f
616	517	SILVER	2013	64	f
617	611	SIMANOWITZ	2013	27	f
618	612	SIMOTAS	2013	36	f
619	550	SKARTADOS	2013	100	f
620	619	STEVENSON	2013	79	f
622	472	SWEENEY	2013	11	f
623	560	TEDISCO	2013	110	f
624	627	TENNEY	2013	115	f
625	464	THIELE	2013	2	f
626	514	TITONE	2013	61	f
627	456	TITUS	2013	31	f
628	641	WALTER	2013	148	f
629	494	WEINSTEIN	2013	41	f
630	481	WEISENBERG	2013	20	f
631	484	WEPRIN	2013	24	f
633	545	ZEBROWSKI	2013	94	f
634	653	BORELLI	2013	62	f
635	654	BUCHWALD	2013	93	f
636	655	DAVILA	2013	53	f
637	656	DIPIETRO	2013	147	f
638	657	FAHY	2013	109	f
639	658	GARBARINO	2013	7	f
621	571	STIRPE	2013	127	f
641	660	LALOR	2013	105	f
642	661	LUPINACCI	2013	10	f
643	662	MCDONALD	2013	108	f
644	663	MOSLEY	2013	57	f
645	664	NOJAY	2013	133	f
646	665	OTIS	2013	91	f
647	666	PALUMBO	2013	2	f
648	667	PICHARDO	2013	86	f
649	668	ROSA	2013	72	f
650	669	ROZIC	2013	25	f
651	670	SANTABARBARA	2013	111	f
652	671	SEPULVEDA	2013	87	f
653	672	SKOUFIS	2013	99	f
654	673	SOLAGES	2013	22	f
655	674	STEC	2013	114	f
656	675	STECK	2013	110	f
640	659	KIM	2013	40	f
632	646	WRIGHT	2013	70	f
557	651	GRAF	2013	5	f
657	506	LOPEZ V	2013	53	f
658	577	LOPEZ P	2013	127	f
659	651	GRAF	2011	5	f
662	552	MILLER	2009	102	t
661	591	PEOPLES	2009	141	t
663	551	CAHILL	2007	101	f
665	484	WEPRIN D	2009	24	t
666	677	HENNESSEY	2013	3	f
667	677	HENNESSY	2013	3	t
668	380	HASSEL_THOMPSO	2009	36	t
669	380	HASSELL-THOMPSO	2011	36	t
670	380	HASSELL-THOMPSO	2013	36	t
671	386	JOHNSON	2009	4	t
710	400	STAVISKY	2015	16	f
708	375	PERKINS	2015	30	f
728	396	STEWART-COUSINS	2015	35	f
702	393	GRIFFO	2015	47	f
697	422	GOLDEN	2015	22	f
704	371	SEWARD	2015	51	f
705	438	HOYLMAN	2015	27	f
725	395	VALESKY	2015	53	f
696	427	GALLIVAN	2015	59	f
707	401	KRUEGER	2015	28	f
701	423	RITCHIE	2015	48	f
715	412	SQUADRON	2015	26	f
695	397	MARTINS	2015	7	f
714	428	PERALTA	2015	13	f
694	419	LAVALLE	2015	1	f
713	416	PARKER	2015	21	f
719	421	DIAZ	2015	32	f
709	373	SERRANO	2015	29	f
703	407	MARCELLINO	2015	5	f
699	435	MARCHIONE	2015	43	f
698	374	LARKIN	2015	39	f
716	433	BOYLE	2015	4	f
700	376	DEFRANCISCO	2015	50	f
717	434	LATIMER	2015	37	f
718	385	ESPAILLAT	2015	31	f
730	409	LANZA	2015	24	f
706	383	GIANARIS	2015	12	f
712	429	KENNEDY	2015	63	f
722	426	DILAN	2015	18	f
721	370	CARLUCCI	2015	38	f
724	403	SAVINO	2015	23	f
737	625	BARRETT	2015	106	f
731	611	SIMANOWITZ	2015	27	f
758	502	ABBATE	2015	49	f
732	669	ROZIC	2015	25	f
770	622	ABINANTI	2015	92	f
733	568	RUSSELL	2015	116	f
741	638	RYAN	2015	149	f
753	479	HOOPER	2015	18	f
751	457	COOK	2015	32	f
757	504	ORTIZ	2015	51	f
755	462	RAIA	2015	12	f
771	498	CYMBROWITZ	2015	45	f
748	492	MILLER	2015	38	f
759	590	SCHIMMINGER	2015	140	f
769	627	TENNEY	2015	101	f
745	545	ZEBROWSKI	2015	96	f
739	657	FAHY	2015	109	f
736	540	PAULIN	2015	88	f
766	662	MCDONALD	2015	108	f
764	549	GUNTHER	2015	100	f
762	460	AUBRY	2015	35	f
734	583	GANTT	2015	137	f
752	613	MOYA	2015	39	f
774	484	WEPRIN	2015	24	f
738	527	GOTTFRIED	2015	75	f
747	546	JAFFEE	2015	97	f
746	621	GALEF	2015	95	f
740	458	CLARK	2015	33	f
773	623	MAYER	2015	90	f
775	499	BROOK-KRASNY	2015	46	f
822	828	LOPEZ	2015	102	f
788	637	CERETTO	2015	145	f
818	641	WALTER	2015	146	f
783	536	ARROYO	2015	84	f
779	654	BUCHWALD	2015	93	f
799	628	BRINDISI	2015	119	f
807	570	MAGNARELLI	2015	129	f
803	561	MAGEE	2015	121	f
853	418	FARLEY	2015	49	f
852	394	NOZZOLIO	2015	54	f
854	410	LIBOUS	2015	52	f
850	406	RANZENHOFER	2015	61	f
851	439	FELDER	2015	17	f
855	414	YOUNG	2015	57	f
802	618	QUART	2015	73	f
809	473	SALADINO	2015	9	f
816	478	MCKEVITT	2015	17	f
778	496	CAMARA	2015	43	f
781	671	SEPULVEDA	2015	87	f
785	646	WRIGHT	2015	70	f
777	663	MOSLEY	2015	57	f
776	610	BRAUNSTEIN	2015	26	f
786	557	CROUCH	2015	122	f
806	674	STEC	2015	114	f
805	469	FITZPATRICK	2015	8	f
808	551	CAHILL	2015	103	f
664	676	GREENE	2009	77	f
782	526	KAVANAGH	2015	74	f
821	535	HEASTIE	2015	83	f
811	501	HIKIND	2015	48	f
817	608	RA	2015	19	f
787	672	SKOUFIS	2015	99	f
801	675	STECK	2015	110	f
804	509	ROBINSON	2015	56	f
815	574	BARCLAY	2015	120	f
813	612	SIMOTAS	2015	36	f
820	522	O'DONNELL	2015	69	f
812	534	BENEDETTO	2015	82	f
780	477	SCHIMEL	2015	16	f
784	497	BRENNAN	2015	44	f
800	575	LIFTON	2015	125	f
810	476	MONTESANO	2015	15	f
814	468	RAMOS	2015	6	f
847	633	BRONSON	2015	138	f
832	564	DUPREY	2015	115	f
849	655	DAVILA	2015	53	f
797	537	CRESPO	2015	85	f
825	615	MALLIOTAKIS	2015	64	f
793	474	LAVINE	2015	13	f
798	456	TITUS	2015	31	f
789	661	LUPINACCI	2015	10	f
790	480	MCDONOUGH	2015	14	f
846	592	CORWIN	2015	144	f
792	459	DENDEKKER	2015	34	f
796	651	GRAF	2015	5	f
794	629	ROBERTS	2015	128	f
795	519	GLICK	2015	66	f
848	634	JOHNS	2015	135	f
791	490	MARKEY	2015	30	f
831	642	GOODELL	2015	150	f
840	624	KATZ	2015	94	f
839	639	KEARNS	2015	142	f
833	666	PALUMBO	2015	2	f
835	616	RODRIGUEZ	2015	68	f
819	653	BORELLI	2015	62	f
830	571	STIRPE	2015	127	f
834	673	SOLAGES	2015	22	f
841	656	DIPIETRO	2015	147	f
836	503	LENTOL	2015	50	f
727	372	BRESLIN	2015	44	f
872	415	O'MARA	2015	58	f
877	430	SKELOS	2015	9	f
889	895	VENDITTO	2015	8	f
720	391	AVELLA	2015	11	f
726	384	ADDABBO	2015	15	f
884	890	SERINO	2015	41	f
887	893	CROCI	2015	3	f
871	424	HANNON	2015	6	f
886	892	AMEDORE	2015	46	f
878	399	FLANAGAN	2015	2	f
881	887	FUNKE	2015	55	f
856	379	LITTLE	2015	45	f
711	381	MONTGOMERY	2015	25	f
885	891	MURPHY	2015	40	f
879	885	ORTT	2015	62	f
723	377	RIVERA	2015	33	f
875	432	SANDERS	2015	10	f
693	380	HASSELL-THOMPSON	2015	36	f
882	888	COMRIE	2015	14	f
883	889	HAMILTON	2015	20	f
888	894	PANEPINTO	2015	60	f
874	369	SAMPSON	2015	19	f
876	390	KLEIN	2015	34	f
873	417	ROBACH	2015	56	f
729	413	BONACIC	2015	42	f
761	582	MORELLE	2015	136	f
894	900	DILAN	2015	54	f
868	578	OAKS	2015	130	f
897	903	KAMINSKY	2015	20	f
902	908	BRABENEC	2015	98	f
845	609	GOLDFEDER	2015	23	f
826	560	TEDISCO	2015	112	f
864	567	BUTLER	2015	118	f
827	607	CURRAN	2015	21	f
823	599	GIGLIO	2015	148	f
859	626	MCLAUGHLIN	2015	107	f
760	466	ENGLEBRIGHT	2015	4	f
860	659	KIM	2015	40	f
829	524	FARRELL	2015	71	f
842	658	GARBARINO	2015	7	f
844	491	NOLAN	2015	37	f
837	539	PRETLOW	2015	89	f
866	589	HAWLEY	2015	139	f
895	901	JEAN-PIERRE	2015	11	f
903	909	LAWRENCE	2015	134	f
865	636	FRIEND	2015	124	f
862	660	LALOR	2015	105	f
869	635	PALMESANO	2015	132	f
749	520	ROSENTHAL	2015	67	f
905	911	WOZNIAK	2015	143	f
863	631	BLANKENBUSH	2015	117	f
750	489	SCARBOROUGH	2015	29	f
899	905	PERSAUD	2015	59	f
861	620	GJONAJ	2015	80	f
828	573	FINCH	2015	126	f
870	493	BARRON	2015	60	f
867	664	NOJAY	2015	133	f
890	896	WALKER	2015	55	f
880	886	WOERNER	2015	113	f
891	517	SILVER	2015	65	f
898	904	LINARES	2015	72	f
765	576	LUPARDO	2015	123	f
901	907	SIMON	2015	52	f
904	910	MURRAY	2015	3	f
838	579	KOLB	2015	131	f
756	516	CUSICK	2015	63	f
763	500	COLTON	2015	47	f
742	550	SKARTADOS	2015	104	f
843	494	WEINSTEIN	2015	41	f
896	902	JOYNER	2015	77	f
743	514	TITONE	2015	61	f
772	533	DINOWITZ	2015	81	f
754	665	OTIS	2015	91	f
900	906	SEAWRIGHT	2015	76	f
735	511	PERRY	2015	58	f
893	899	BLAKE	2015	79	f
824	488	HEVESI	2015	28	f
768	464	THIELE	2015	1	f
892	898	BICHOTTE	2015	42	f
858	667	PICHARDO	2015	86	f
857	670	SANTABARBARA	2015	111	f
906	912	RICHARDSON	2015	43	f
686	591	PEOPLES-STOKE	2013	\N	t
907	913	AKSHAR	2015	52	f
908	914	PERSAUD	2015	19	f
912	918	KAMINSKY	2015	9	f
744	530	RIVERA	2015	78	f
915	1007	CASTORINA	2015	62	f
910	1089	HYNDMAN	2015	29	f
909	1105	HUNTER	2015	128	f
911	1076	HARRIS	2015	46	f
914	1116	WILLIAMS	2015	59	f
952	913	AKSHAR	2017	52	f
939	376	DEFRANCISCO	2017	50	f
1008	656	DIPIETRO	2017	147	f
979	573	FINCH	2017	126	f
953	887	FUNKE	2017	55	f
928	383	GIANARIS	2017	12	f
980	519	GLICK	2017	66	f
981	488	HEVESI	2017	28	f
929	429	KENNEDY	2017	63	f
970	576	LUPARDO	2017	123	f
930	428	PERALTA	2017	13	f
1000	462	RAIA	2017	12	f
949	423	RITCHIE	2017	48	f
975	616	RODRIGUEZ	2017	68	f
934	373	SERRANO	2017	29	f
976	550	SKARTADOS	2017	104	f
977	456	TITUS	2017	31	f
998	568	JENNE	2017	116	f
1001	1007	CASTORINA	2017	62	f
954	892	AMEDORE	2017	46	f
984	534	BENEDETTO	2017	82	f
985	516	CUSICK	2017	63	f
927	426	DILAN	2017	18	f
986	549	GUNTHER	2017	100	f
922	434	LATIMER	2017	37	f
947	379	LITTLE	2017	45	f
943	381	MONTGOMERY	2017	25	f
957	885	ORTT	2017	62	f
931	375	PERKINS	2017	30	f
926	377	RIVERA	2017	33	f
990	473	SALADINO	2017	9	f
932	432	SANDERS	2017	10	f
933	403	SAVINO	2017	23	f
950	371	SEWARD	2017	51	f
923	412	SQUADRON	2017	26	f
1009	464	THIELE	2017	1	f
951	395	VALESKY	2017	53	f
1010	419	LAVALLE	2017	1	f
993	622	ABINANTI	2017	92	f
996	625	BARRETT	2017	106	f
1003	628	BRINDISI	2017	119	f
958	551	CAHILL	2017	103	f
978	500	COLTON	2017	47	f
936	888	COMRIE	2017	14	f
994	537	CRESPO	2017	85	f
964	498	CYMBROWITZ	2017	45	f
992	533	DINOWITZ	2017	81	f
987	621	GALEF	2017	95	f
966	583	GANTT	2017	137	f
938	422	GOLDEN	2017	22	f
937	889	HAMILTON	2017	20	f
960	479	HOOPER	2017	18	f
969	526	KAVANAGH	2017	74	f
988	579	KOLB	2017	131	f
935	401	KRUEGER	2017	28	f
971	570	MAGNARELLI	2017	129	f
989	476	MONTESANO	2017	15	f
1002	910	MURRAY	2017	3	f
941	415	O'MARA	2017	58	f
961	511	PERRY	2017	58	f
948	406	RANZENHOFER	2017	61	f
1004	590	SCHIMMINGER	2017	140	f
924	400	STAVISKY	2017	16	f
999	896	WALKER	2017	55	f
974	530	RIVERA	2017	78	f
945	951	HELMING	2017	54	f
982	520	ROSENTHAL	2017	67	t
919	384	ADDABBO	2017	15	f
962	460	AUBRY	2017	35	f
920	391	AVELLA	2017	11	f
963	457	COOK	2017	32	f
955	893	CROCI	2017	3	f
956	427	GALLIVAN	2017	59	f
921	438	HOYLMAN	2017	27	f
918	918	KAMINSKY	2017	9	f
940	435	MARCHIONE	2017	43	f
925	416	PARKER	2017	21	f
995	484	WEPRIN	2017	24	f
942	414	YOUNG	2017	57	f
983	502	ABBATE	2017	49	f
944	433	BOYLE	2017	4	f
946	372	BRESLIN	2017	44	f
1007	567	BUTLER	2017	118	f
959	466	ENGLEBRIGHT	2017	4	f
968	546	JAFFEE	2017	97	f
1006	480	MCDONOUGH	2017	14	f
1005	582	MORELLE	2017	136	f
972	504	ORTIZ	2017	51	f
991	540	PAULIN	2017	88	f
997	675	STECK	2017	110	f
507	530	RIVERA	2013	76	f
1017	393	GRIFFO	2017	47	f
1012	374	LARKIN	2017	39	f
1013	439	FELDER	2017	17	f
1018	890	SERINO	2017	41	f
1011	424	HANNON	2017	6	f
1014	891	MURPHY	2017	40	f
1015	417	ROBACH	2017	56	f
1016	413	BONACIC	2017	42	f
1040	657	FAHY	2017	109	f
1048	613	MOYA	2017	39	f
1023	828	LOPEZ	2017	102	f
1043	536	ARROYO	2017	84	f
1039	654	BUCHWALD	2017	93	f
1019	561	MAGEE	2017	121	f
1047	618	QUART	2017	73	f
1042	671	SEPULVEDA	2017	87	f
1041	663	MOSLEY	2017	57	f
1031	557	CROUCH	2017	122	f
1057	674	STEC	2017	114	f
1056	469	FITZPATRICK	2017	8	f
1029	501	HIKIND	2017	48	f
1027	608	RA	2017	19	f
1021	672	SKOUFIS	2017	99	f
1046	522	O'DONNELL	2017	69	f
1045	575	LIFTON	2017	125	f
1035	468	RAMOS	2017	6	f
1028	633	BRONSON	2017	138	f
1026	655	DAVILA	2017	53	f
1036	661	LUPINACCI	2017	10	f
1034	459	DENDEKKER	2017	34	f
1032	642	GOODELL	2017	150	f
1022	639	KEARNS	2017	142	f
1053	571	STIRPE	2017	127	f
1044	503	LENTOL	2017	50	f
1054	578	OAKS	2017	130	f
1030	908	BRABENEC	2017	98	f
1049	607	CURRAN	2017	21	f
1052	658	GARBARINO	2017	7	f
1055	636	FRIEND	2017	124	f
1033	660	LALOR	2017	105	f
1038	635	PALMESANO	2017	132	f
1051	907	SIMON	2017	52	f
1020	514	TITONE	2017	61	f
1037	899	BLAKE	2017	79	f
1024	667	PICHARDO	2017	86	f
1066	611	SIMANOWITZ	2017	27	f
1068	638	RYAN	2017	149	f
1064	623	MAYER	2017	90	f
1071	615	MALLIOTAKIS	2017	64	f
1059	651	GRAF	2017	5	f
1060	634	JOHNS	2017	135	f
1069	673	SOLAGES	2017	22	f
1058	599	GIGLIO	2017	148	f
1065	626	MCLAUGHLIN	2017	107	f
1062	589	HAWLEY	2017	139	f
1061	909	LAWRENCE	2017	134	f
1067	886	WOERNER	2017	113	f
1063	670	SANTABARBARA	2017	111	f
1072	370	CARLUCCI	2017	38	f
1075	641	WALTER	2017	146	f
1077	574	BARCLAY	2017	120	f
1074	474	LAVINE	2017	13	f
1078	666	PALUMBO	2017	2	f
1080	900	DILAN	2017	54	f
1081	539	PRETLOW	2017	89	f
1076	631	BLANKENBUSH	2017	117	f
1073	665	OTIS	2017	91	f
1079	906	SEAWRIGHT	2017	76	f
1082	912	RICHARDSON	2017	43	f
1087	396	STEWART-COUSINS	2017	35	f
1085	421	DIAZ	2017	32	f
1088	407	MARCELLINO	2017	5	f
973	591	PEOPLES-STOKES	2017	141	t
1025	545	ZEBROWSKI	2017	96	t
1084	409	LANZA	2017	24	f
1086	914	PERSAUD	2017	19	f
1091	390	KLEIN	2017	34	f
1089	399	FLANAGAN	2017	2	f
1090	1096	ALCANTARA	2017	31	f
1095	1099	JACOBS	2017	60	f
1096	1100	PHILLIPS	2017	7	f
1097	1101	BROOKS	2017	8	f
1098	1102	BAILEY	2017	36	f
1099	1103	TEDISCO	2017	49	f
1111	492	MILLER MG	2017	38	f
1112	1115	MILLER ML	2017	20	f
1108	669	ROZIC	2017	25	f
1100	662	MCDONALD	2017	108	f
1104	478	MCKEVITT	2017	17	f
1105	610	BRAUNSTEIN	2017	26	f
1107	612	SIMOTAS	2017	36	f
1110	659	KIM	2017	40	f
1094	491	NOLAN	2017	37	f
1102	901	JEAN-PIERRE	2017	11	f
1109	493	BARRON	2017	60	f
1093	494	WEINSTEIN	2017	41	f
1106	902	JOYNER	2017	77	f
1103	898	BICHOTTE	2017	42	f
1114	620	GJONAJ	2017	80	f
673	530	RIVERA	2009	78	t
1126	1129	DE LA ROSA	2017	72	f
1127	1130	D'URSO	2017	16	f
1121	580	ERRIGO	2017	133	f
1118	535	HEASTIE	2017	83	f
1128	1131	PHEFFER AMATO	2017	23	f
1083	1089	HYNDMAN	2017	29	f
1101	1105	HUNTER	2017	128	f
1115	1118	VANEL	2017	33	f
1117	1120	JONES	2017	115	f
1070	1076	HARRIS	2017	46	f
1113	1116	WILLIAMS	2017	59	f
1116	1119	BARNWELL	2017	30	f
1120	1123	BYRNE	2017	94	f
1129	1132	NIOU	2017	65	f
1119	1122	CARROLL	2017	44	f
1122	1125	MILLER B	2017	101	f
1123	1126	NORRIS	2017	144	f
1124	1127	WALSH	2017	112	f
1125	1128	DICKENS	2017	70	f
1130	1133	WALLACE	2017	143	f
1132	1135	MORINELLO	2017	145	f
1050	1134	WRIGHT	2017	56	f
1133	1136	BENJAMIN	2017	30	f
1134	1137	PELLEGRINO	2017	9	f
1135	520	ROSENTHAL L	2017	67	f
1136	1139	ROSENTHAL D	2017	27	f
1139	1141	TAYLOR	2017	71	f
965	524	FARRELL	2017	71	f
1137	1140	KAVANAGH	2017	26	f
1140	1142	SEPULVEDA	2017	32	f
1141	1143	MAYER	2017	37	f
1142	1144	EPSTEIN	2017	74	f
1143	1145	ESPINAL	2017	39	f
1144	1146	FERNANDEZ	2017	80	f
1145	1147	STERN	2017	10	f
1190	438	HOYLMAN	2019	27	f
1201	372	BRESLIN	2019	44	f
1193	384	ADDABBO	2019	15	f
1234	1236	ANTONACCI	2019	50	f
1199	1102	BAILEY	2019	36	f
1200	1136	BENJAMIN	2019	30	f
1229	1231	BIAGGI	2019	34	f
1198	1101	BROOKS	2019	8	f
1191	370	CARLUCCI	2019	38	f
1202	888	COMRIE	2019	14	f
1240	1242	CRUZ	2019	39	f
1236	1238	DESTEFANO	2019	3	f
1241	1243	EICHENSTEIN	2019	48	f
1242	1244	FALL	2019	61	f
1220	1222	GAUGHRAN	2019	5	f
1203	383	GIANARIS	2019	12	f
1227	1229	GOUNARDES	2019	22	f
1239	1241	GRIFFIN	2019	21	f
1231	1233	HARCKHAM	2019	40	f
1238	1240	RAYNOR	2019	18	t
1233	1235	JORDAN	2019	43	f
1204	918	KAMINSKY	2019	9	f
1222	1224	KAPLAN	2019	7	f
1205	429	KENNEDY	2019	63	f
1206	401	KRUEGER	2019	28	f
1237	1239	LIPETRI	2019	9	f
1223	1225	LIU	2019	11	f
1219	1221	MARTINEZ	2019	3	f
1235	1237	MAY	2019	53	f
1210	1143	MAYER	2019	37	f
1232	1234	METZGER	2019	42	f
1195	381	MONTGOMERY	2019	25	f
1226	1228	MYRIE	2019	20	f
1194	416	PARKER	2019	21	f
1207	914	PERSAUD	2019	19	f
1224	1226	RAMOS	2019	13	f
1243	1245	REILLY	2019	62	f
1196	377	RIVERA	2019	33	f
1211	417	ROBACH	2019	56	f
1225	1227	SALAZAR	2019	18	f
1208	432	SANDERS	2019	10	f
1197	1142	SEPULVEDA	2019	32	f
1192	373	SERRANO	2019	29	f
1209	400	STAVISKY	2019	16	f
1221	1223	THOMAS	2019	6	f
1149	1151	ASHBY	2017	107	f
1147	1149	BOHEN	2017	142	f
1152	527	GOTTFRIED R	2017	75	f
967	527	GOTTFRIED	2017	75	t
1148	1150	MIKULIN	2017	17	f
1151	591	PEOPLES-STOKE	2017	141	f
1146	1148	SMITH	2017	5	f
1150	1152	TAGUE	2017	102	f
1154	545	ZEBROWSKI O	2017	96	f
1230	1232	SKOUFIS	2019	39	f
1228	1230	JACKSON	2019	31	f
1252	1254	BURKE	2019	142	f
1248	1250	SALKA	2019	121	f
1256	1258	SAYEGH	2019	90	f
1244	1246	SCHMITT	2019	99	f
916	591	PEOPLES-STOKE	2015	141	f
1247	1249	BUTTENSCHON	2019	119	f
1257	1259	JACOBSON	2019	104	f
1249	1251	MANKTELOW	2019	130	f
1253	1255	MCMAHON	2019	146	f
1255	1257	REYES	2019	87	f
1251	1253	ROMEO	2019	136	f
1245	1247	WALCZYK	2019	116	f
1250	1252	BYRNES	2019	133	f
1254	1256	FRONTUS	2019	46	f
1246	1248	SMULLEN	2019	118	f
767	591	PEOPLES-STOKES	2015	141	t
1279	371	SEWARD	2019	51	f
1280	379	LITTLE	2019	45	f
1281	393	GRIFFO	2019	47	f
1282	396	STEWART-COUSINS	2019	35	f
1283	399	FLANAGAN	2019	2	f
1284	403	SAVINO	2019	23	f
1285	406	RANZENHOFER	2019	61	f
1286	409	LANZA	2019	24	f
1287	414	YOUNG	2019	57	f
1288	419	LAVALLE	2019	1	f
1289	433	BOYLE	2019	4	f
1290	439	FELDER	2019	17	f
1291	456	TITUS	2019	31	f
1292	457	COOK	2019	32	f
1293	459	DENDEKKER	2019	34	f
1294	460	AUBRY	2019	35	f
1295	466	ENGLEBRIGHT	2019	4	f
1296	468	RAMOS	2019	6	f
1297	473	SALADINO	2019	9	f
1298	474	LAVINE	2019	13	f
1299	484	WEPRIN	2019	24	f
1300	488	HEVESI	2019	28	f
1301	491	NOLAN	2019	37	f
1302	494	WEINSTEIN	2019	41	f
1303	498	CYMBROWITZ	2019	45	f
1304	500	COLTON	2019	47	f
1305	502	ABBATE	2019	49	f
1306	503	LENTOL	2019	50	f
1307	504	ORTIZ	2019	51	f
1308	511	PERRY	2019	58	f
1309	516	CUSICK	2019	63	f
1310	519	GLICK	2019	66	f
1311	520	ROSENTHAL	2019	67	t
1312	520	ROSENTHAL L	2019	67	f
1313	522	O'DONNELL	2019	69	f
1314	527	GOTTFRIED	2019	75	t
1315	527	GOTTFRIED R	2019	75	f
1316	530	RIVERA	2019	78	f
1317	533	DINOWITZ	2019	81	f
1318	534	BENEDETTO	2019	82	f
1319	535	HEASTIE	2019	83	f
1320	536	ARROYO	2019	84	f
1321	540	PAULIN	2019	88	f
1322	574	BARCLAY	2019	120	f
1323	575	LIFTON	2019	125	f
1324	576	LUPARDO	2019	123	f
1325	579	KOLB	2019	131	f
1326	589	HAWLEY	2019	139	f
1327	590	SCHIMMINGER	2019	140	f
1328	591	PEOPLES-STOKE	2019	141	f
1329	591	PEOPLES-STOKES	2019	141	t
1330	607	CURRAN	2019	21	f
1331	608	RA	2019	19	f
1332	610	BRAUNSTEIN	2019	26	f
1333	612	SIMOTAS	2019	36	f
1334	615	MALLIOTAKIS	2019	64	f
1335	616	RODRIGUEZ	2019	68	f
1336	618	QUART	2019	73	f
1337	621	GALEF	2019	95	f
1338	622	ABINANTI	2019	92	f
1339	625	BARRETT	2019	106	f
1340	631	BLANKENBUSH	2019	117	f
1341	633	BRONSON	2019	138	f
1342	634	JOHNS	2019	135	f
1343	635	PALMESANO	2019	132	f
1344	636	FRIEND	2019	124	f
1345	638	RYAN	2019	149	f
1346	641	WALTER	2019	146	f
1347	642	GOODELL	2019	150	f
1348	654	BUCHWALD	2019	93	f
1349	655	DAVILA	2019	53	f
1350	656	DIPIETRO	2019	147	f
1351	657	FAHY	2019	109	f
1352	658	GARBARINO	2019	7	f
1353	659	KIM	2019	40	f
1354	660	LALOR	2019	105	f
1355	662	MCDONALD	2019	108	f
1356	663	MOSLEY	2019	57	f
1357	665	OTIS	2019	91	f
1358	666	PALUMBO	2019	2	f
1359	667	PICHARDO	2019	86	f
1360	669	ROZIC	2019	25	f
1361	670	SANTABARBARA	2019	111	f
1362	673	SOLAGES	2019	22	f
1363	674	STEC	2019	114	f
1364	675	STECK	2019	110	f
1365	885	ORTT	2019	62	f
1366	886	WOERNER	2019	113	f
1367	887	FUNKE	2019	55	f
1368	890	SERINO	2019	41	f
1369	892	AMEDORE	2019	46	f
1370	896	WALKER	2019	55	f
1371	898	BICHOTTE	2019	42	f
1372	899	BLAKE	2019	79	f
1373	900	DILAN	2019	54	f
1374	901	JEAN-PIERRE	2019	11	f
1375	902	JOYNER	2019	77	f
1376	906	SEAWRIGHT	2019	76	f
1377	907	SIMON	2019	52	f
1378	908	BRABENEC	2019	98	f
1379	909	LAWRENCE	2019	134	f
1380	912	RICHARDSON	2019	43	f
1381	913	AKSHAR	2019	52	f
1382	951	HELMING	2019	54	f
1383	1089	HYNDMAN	2019	29	f
1385	1099	JACOBS	2019	60	f
1386	1103	TEDISCO	2019	49	f
1387	1105	HUNTER	2019	128	f
1388	1115	MILLER ML	2019	20	f
1389	1116	WILLIAMS	2019	59	f
1390	1118	VANEL	2019	33	f
1391	1119	BARNWELL	2019	30	f
1392	1120	JONES	2019	115	f
1393	1122	CARROLL	2019	44	f
1394	1123	BYRNE	2019	94	f
1395	1125	MILLER B	2019	101	f
1396	1126	NORRIS	2019	144	f
1397	1127	WALSH	2019	112	f
1398	1128	DICKENS	2019	70	f
1399	1129	DE LA ROSA	2019	72	f
1400	1130	D'URSO	2019	16	f
1401	1131	PHEFFER AMATO	2019	23	f
1402	1132	NIOU	2019	65	f
1403	1133	WALLACE	2019	143	f
1404	1134	WRIGHT	2019	56	f
1405	1135	MORINELLO	2019	145	f
1406	1139	ROSENTHAL D	2019	27	f
1407	1140	KAVANAGH	2019	26	f
1408	1141	TAYLOR	2019	71	f
1409	1144	EPSTEIN	2019	74	f
1410	1146	FERNANDEZ	2019	80	f
1411	1147	STERN	2019	10	f
1412	1148	SMITH	2019	5	f
1413	1150	MIKULIN	2019	17	f
1414	1151	ASHBY	2019	107	f
1415	1152	TAGUE	2019	102	f
1416	415	O'MARA	2019	58	f
1417	427	GALLIVAN	2019	59	f
1418	423	RITCHIE	2019	48	f
1437	476	MONTESANO	2019	15	f
1438	492	MILLER MG	2019	38	f
1440	537	CRESPO	2019	85	f
1441	539	PRETLOW	2019	89	f
1446	557	CROUCH	2019	122	f
1448	571	STIRPE	2019	127	f
1429	545	ZEBROWSKI	2019	96	f
1442	545	ZEBROWSKI O	2019	96	t
1430	493	BARRON	2019	60	f
1420	551	CAHILL	2019	103	f
1432	573	FINCH	2019	126	f
1422	469	FITZPATRICK	2019	8	f
1425	583	GANTT	2019	137	f
1421	599	GIGLIO	2019	148	f
1426	549	GUNTHER	2019	100	f
1427	546	JAFFEE	2019	97	f
1428	570	MAGNARELLI	2019	129	f
1423	480	MCDONOUGH	2019	14	f
1424	462	RAIA	2019	12	f
1431	464	THIELE	2019	1	f
289	1273	BARRON	2009	40	f
446	1273	BARRON	2011	40	f
515	1273	BARRON	2013	60	f
1504	1240	DARLING	2019	18	f
1549	1370	BORRELLO	2019	57	f
913	919	CANCEL	2015	65	f
\.


--
-- Name: member_id_seq; Type: SEQUENCE SET; Schema: public; Owner: openlegadmin
--

SELECT pg_catalog.setval('public.member_id_seq', 1458, true);


--
-- Name: member_person_id_seq; Type: SEQUENCE SET; Schema: public; Owner: openlegadmin
--

SELECT pg_catalog.setval('public.member_person_id_seq', 1, false);


--
-- Name: person_id_seq; Type: SEQUENCE SET; Schema: public; Owner: openlegadmin
--

SELECT pg_catalog.setval('public.person_id_seq', 1278, true);


--
-- Name: session_member_id_seq; Type: SEQUENCE SET; Schema: public; Owner: openlegadmin
--

SELECT pg_catalog.setval('public.session_member_id_seq', 1637, true);


--
-- PostgreSQL database dump complete
--


-- Re add the constraints

ALTER TABLE ONLY master.agenda_vote_committee_attend
ADD CONSTRAINT agenda_vote_committee_attend_session_member_id_fkey FOREIGN KEY (session_member_id) REFERENCES public.session_member(id) ON UPDATE CASCADE;

ALTER TABLE ONLY master.bill_amendment_cosponsor
ADD CONSTRAINT bill_amendment_cosponsor_session_member_id_fkey1 FOREIGN KEY (session_member_id) REFERENCES public.session_member(id) ON UPDATE CASCADE;

ALTER TABLE ONLY master.bill_amendment_multi_sponsor
ADD CONSTRAINT bill_amendment_multi_sponsor_member_id_fkey FOREIGN KEY (session_member_id) REFERENCES public.session_member(id) ON UPDATE CASCADE;

ALTER TABLE ONLY master.bill_amendment_vote_roll
ADD CONSTRAINT bill_amendment_vote_roll_session_member_id_fkey FOREIGN KEY (session_member_id) REFERENCES public.session_member(id) ON UPDATE CASCADE;

ALTER TABLE ONLY master.bill_sponsor_additional
ADD CONSTRAINT bill_sponsor_additional_session_member_id_fkey FOREIGN KEY (session_member_id) REFERENCES public.session_member(id) ON UPDATE CASCADE ON DELETE CASCADE;

ALTER TABLE ONLY master.bill_sponsor
ADD CONSTRAINT bill_sponsor_session_member_id_fkey FOREIGN KEY (session_member_id) REFERENCES public.session_member(id) ON UPDATE CASCADE;

ALTER TABLE ONLY master.committee_member
ADD CONSTRAINT committee_member_session_member_id_fkey FOREIGN KEY (session_member_id) REFERENCES public.session_member(id) ON UPDATE CASCADE;
