-- Assembly session_members
INSERT INTO public.session_member(member_id, lbdc_short_name, session_year, district_code)
VALUES
(502, 'ABBATE', 2021, 49),
(622, 'ABINANTI', 2021, 92),
(1459, 'ANDERSON', 2021, 31),
(1151, 'ASHBY', 2021, 107),
(460, 'AUBRY', 2021, 35),
(574, 'BARCLAY', 2021, 120),
(1119, 'BARNWELL', 2021, 30),
(625, 'BARRETT', 2021, 106),
(493, 'BARRON', 2021, 60),
(534, 'BENEDETTO', 2021, 82),
(898, 'BICHOTTE', 2021, 42),
(631, 'BLANKENBUSH', 2021, 117),
(908, 'BRABENEC', 2021, 98),
(610, 'BRAUNSTEIN', 2021, 26),
(633, 'BRONSON', 2021, 138),
(1254, 'BURKE', 2021, 142),
(1249, 'BUTTENSCHON', 2021, 119),
(1123, 'BYRNE', 2021, 94),
(1252, 'BYRNES', 2021, 133),
(551, 'CAHILL', 2021, 103),
(1122, 'CARROLL', 2021, 44),
(1460, 'CLARK', 2021, 136),
(500, 'COLTON', 2021, 47),
(457, 'COOK', 2021, 32),
(1242, 'CRUZ', 2021, 39),
(516, 'CUSICK', 2021, 63),
(498, 'CYMBROWITZ', 2021, 45),
(1240, 'DARLING', 2021, 18),
(655, 'DAVILA', 2021, 53),
(1129, 'DE LA ROSA', 2021, 72),
(1238, 'DESTEFANO', 2021, 3),
(1128, 'DICKENS', 2021, 70),
(900, 'DILAN', 2021, 54),
(533, 'DINOWITZ', 2021, 81),
(656, 'DIPIETRO', 2021, 147),
(1243, 'EICHENSTEIN', 2021, 48),
(466, 'ENGLEBRIGHT', 2021, 4),
(1144, 'EPSTEIN', 2021, 74),
(657, 'FAHY', 2021, 109),
(1244, 'FALL', 2021, 61),
(1146, 'FERNANDEZ', 2021, 80),
(469, 'FITZPATRICK', 2021, 8),
(636, 'FRIEND', 2021, 124),
(621, 'GALEF', 2021, 95),
(599, 'GIGLIO JM', 2021, 148),
(519, 'GLICK', 2021, 66),
(642, 'GOODELL', 2021, 150),
(527, 'GOTTFRIED', 2021, 75),
(1241, 'GRIFFIN', 2021, 21),
(549, 'GUNTHER', 2021, 100),
(589, 'HAWLEY', 2021, 139),
(535, 'HEASTIE', 2021, 83),
(488, 'HEVESI', 2021, 28),
(1105, 'HUNTER', 2021, 128),
(1089, 'HYNDMAN', 2021, 29),
(1259, 'JACOBSON', 2021, 104),
(901, 'JEAN-PIERRE', 2021, 11),
(1120, 'JONES', 2021, 115),
(902, 'JOYNER', 2021, 77),
(659, 'KIM', 2021, 40),
(660, 'LALOR', 2021, 105),
(474, 'LAVINE', 2021, 13),
(576, 'LUPARDO', 2021, 123),
(570, 'MAGNARELLI', 2021, 129),
(1251, 'MANKTELOW', 2021, 130),
(662, 'MCDONALD', 2021, 108),
(480, 'MCDONOUGH', 2021, 14),
(1255, 'MCMAHON', 2021, 146),
(1150, 'MIKULIN', 2021, 17),
(1125, 'MILLER B', 2021, 101),
(1115, 'MILLER M', 2021, 20),
(476, 'MONTESANO', 2021, 15),
(1135, 'MORINELLO', 2021, 145),
(1132, 'NIOU', 2021, 65),
(491, 'NOLAN', 2021, 37),
(1126, 'NORRIS', 2021, 144),
(522, 'O''DONNELL', 2021, 69),
(665, 'OTIS', 2021, 91),
(635, 'PALMESANO', 2021, 132),
(540, 'PAULIN', 2021, 88),
(591, 'PEOPLES-STOKES', 2021, 141),
(511, 'PERRY', 2021, 58),
(1131, 'PHEFFER AMATO', 2021, 23),
(667, 'PICHARDO', 2021, 86),
(539, 'PRETLOW', 2021, 89),
(618, 'QUART', 2021, 73),
(608, 'RA', 2021, 19),
(468, 'RAMOS', 2021, 6),
(1245, 'REILLY', 2021, 62),
(1257, 'REYES', 2021, 87),
(912, 'RICHARDSON', 2021, 43),
(530, 'RIVERA J', 2021, 78),
(616, 'RODRIGUEZ', 2021, 68),
(520, 'ROSENTHAL L', 2021, 67),
(1139, 'ROSENTHAL D', 2021, 27),
(669, 'ROZIC', 2021, 25),
(1250, 'SALKA', 2021, 121),
(670, 'SANTABARBARA', 2021, 111),
(1258, 'SAYEGH', 2021, 90),
(1246, 'SCHMITT', 2021, 99),
(906, 'SEAWRIGHT', 2021, 76),
(907, 'SIMON', 2021, 52),
(1148, 'SMITH', 2021, 5),
(1248, 'SMULLEN', 2021, 118),
(673, 'SOLAGES', 2021, 22),
(675, 'STECK', 2021, 110),
(1147, 'STERN', 2021, 10),
(571, 'STIRPE', 2021, 127),
(1152, 'TAGUE', 2021, 102),
(1141, 'TAYLOR', 2021, 71),
(464, 'THIELE', 2021, 1),
(1118, 'VANEL', 2021, 33),
(1247, 'WALCZYK', 2021, 116),
(896, 'WALKER', 2021, 55),
(1133, 'WALLACE', 2021, 143),
(1127, 'WALSH', 2021, 112),
(494, 'WEINSTEIN', 2021, 41),
(484, 'WEPRIN', 2021, 24),
(1116, 'WILLIAMS', 2021, 59),
(886, 'WOERNER', 2021, 113),
(545, 'ZEBROWSKI', 2021, 96),
(1256, 'FRONTUS', 2021, 46)
ON CONFLICT DO NOTHING;


-- New members who are already in the person and member tables.

INSERT INTO public.session_member(member_id, lbdc_short_name, session_year, district_code)
VALUES
(1461, 'BROWN', 2021, 12),
(1462, 'MEEKS', 2021, 137),
(1459, 'ANDERSON', 2021, 31),
(1460, 'CLARK', 2021, 136),
(1463, 'BURGOS', 2021, 85)
ON CONFLICT DO NOTHING;


-- Add other new members

WITH p AS (
  INSERT into public.person(full_name, first_name, middle_name, last_name, email, prefix, suffix, img_name)
    VALUES ('Jodi Giglio', 'Jodi', '', 'Giglio', '', 'Assembly Member', '', 'no_image.jpg')
    RETURNING id
),
m AS (
  INSERT INTO public.member(person_id, chamber, incumbent, full_name)
    VALUES ((SELECT id from p), 'assembly', true, 'Jodi Giglio')
    RETURNING id
)

INSERT INTO public.session_member(member_id, lbdc_short_name, session_year, district_code)
  VALUES ((SELECT id from m), 'GIGLIO JA', 2021, 2);


WITH p AS (
  INSERT into public.person(full_name, first_name, middle_name, last_name, email, prefix, suffix, img_name)
    VALUES ('Jerett Gandolfo', 'Jerett', '', 'Gandolfo', '', 'Assembly Member', '', 'no_image.jpg')
    RETURNING id
),
m AS (
  INSERT INTO public.member(person_id, chamber, incumbent, full_name)
    VALUES ((SELECT id from p), 'assembly', true, 'Jerett Gandolfo')
    RETURNING id
)

INSERT INTO public.session_member(member_id, lbdc_short_name, session_year, district_code)
  VALUES ((SELECT id from m), 'GANDOLFO', 2021, 7);


WITH p AS (
  INSERT into public.person(full_name, first_name, middle_name, last_name, email, prefix, suffix, img_name)
    VALUES ('Michael Durso', 'Michael', '', 'Durso', '', 'Assembly Member', '', 'no_image.jpg')
    RETURNING id
),
m AS (
  INSERT INTO public.member(person_id, chamber, incumbent, full_name)
    VALUES ((SELECT id from p), 'assembly', true, 'Michael Durso')
    RETURNING id
)

INSERT INTO public.session_member(member_id, lbdc_short_name, session_year, district_code)
  VALUES ((SELECT id from m), 'DURSO', 2021, 9);


WITH p AS (
  INSERT into public.person(full_name, first_name, middle_name, last_name, email, prefix, suffix, img_name)
    VALUES ('Gina Sillitti', 'Gina', '', 'Sillitti', '', 'Assembly Member', '', 'no_image.jpg')
    RETURNING id
),
m AS (
  INSERT INTO public.member(person_id, chamber, incumbent, full_name)
    VALUES ((SELECT id from p), 'assembly', true, 'Gina Sillitti')
    RETURNING id
)

INSERT INTO public.session_member(member_id, lbdc_short_name, session_year, district_code)
  VALUES ((SELECT id from m), 'SILLITTI', 2021, 16);


WITH p AS (
  INSERT into public.person(full_name, first_name, middle_name, last_name, email, prefix, suffix, img_name)
    VALUES ('Jessica Gonzalez-Rojas', 'Jessica', '', 'Gonzalez-Rojas', '', 'Assembly Member', '', 'no_image.jpg')
    RETURNING id
),
m AS (
  INSERT INTO public.member(person_id, chamber, incumbent, full_name)
    VALUES ((SELECT id from p), 'assembly', true, 'Jessica Gonzalez-Rojas')
    RETURNING id
)

INSERT INTO public.session_member(member_id, lbdc_short_name, session_year, district_code)
  VALUES ((SELECT id from m), 'GOZALEZ-ROJAS', 2021, 34);


WITH p AS (
  INSERT into public.person(full_name, first_name, middle_name, last_name, email, prefix, suffix, img_name)
    VALUES ('Zohran Mamdani', 'Zohran', '', 'Mamdani', '', 'Assembly Member', '', 'no_image.jpg')
    RETURNING id
),
m AS (
  INSERT INTO public.member(person_id, chamber, incumbent, full_name)
    VALUES ((SELECT id from p), 'assembly', true, 'Zohran Mamdani')
    RETURNING id
)

INSERT INTO public.session_member(member_id, lbdc_short_name, session_year, district_code)
  VALUES ((SELECT id from m), 'MAMDANI', 2021, 36);


WITH p AS (
  INSERT into public.person(full_name, first_name, middle_name, last_name, email, prefix, suffix, img_name)
    VALUES ('Jenifer Rajkumar', 'Jenifer', '', 'Rajkumar', '', 'Assembly Member', '', 'no_image.jpg')
    RETURNING id
),
m AS (
  INSERT INTO public.member(person_id, chamber, incumbent, full_name)
    VALUES ((SELECT id from p), 'assembly', true, 'Jenifer Rajkumar')
    RETURNING id
)

INSERT INTO public.session_member(member_id, lbdc_short_name, session_year, district_code)
  VALUES ((SELECT id from m), 'RAJKUMAR', 2021, 38);


WITH p AS (
  INSERT into public.person(full_name, first_name, middle_name, last_name, email, prefix, suffix, img_name)
    VALUES ('Emily Gallagher', 'Emily', '', 'Gallagher', '', 'Assembly Member', '', 'no_image.jpg')
    RETURNING id
),
m AS (
  INSERT INTO public.member(person_id, chamber, incumbent, full_name)
    VALUES ((SELECT id from p), 'assembly', true, 'Emily Gallagher')
    RETURNING id
)

INSERT INTO public.session_member(member_id, lbdc_short_name, session_year, district_code)
  VALUES ((SELECT id from m), 'GALLAGHER', 2021, 50);


WITH p AS (
  INSERT into public.person(full_name, first_name, middle_name, last_name, email, prefix, suffix, img_name)
    VALUES ('Marcela Mitaynes', 'Marcela', '', 'Mitaynes', '', 'Assembly Member', '', 'no_image.jpg')
    RETURNING id
),
m AS (
  INSERT INTO public.member(person_id, chamber, incumbent, full_name)
    VALUES ((SELECT id from p), 'assembly', true, 'Marcela Mitaynes')
    RETURNING id
)

INSERT INTO public.session_member(member_id, lbdc_short_name, session_year, district_code)
  VALUES ((SELECT id from m), 'MITAYNES', 2021, 51);


WITH p AS (
  INSERT into public.person(full_name, first_name, middle_name, last_name, email, prefix, suffix, img_name)
    VALUES ('Stefani Zinerman', 'Stefani', '', 'Zinerman', '', 'Assembly Member', '', 'no_image.jpg')
    RETURNING id
),
m AS (
  INSERT INTO public.member(person_id, chamber, incumbent, full_name)
    VALUES ((SELECT id from p), 'assembly', true, 'Stefani Zinerman')
    RETURNING id
)

INSERT INTO public.session_member(member_id, lbdc_short_name, session_year, district_code)
  VALUES ((SELECT id from m), 'ZINERMAN', 2021, 56);


WITH p AS (
  INSERT into public.person(full_name, first_name, middle_name, last_name, email, prefix, suffix, img_name)
    VALUES ('Phara Souffrant Forrest', 'Phara', '', 'Souffrant Forrest', '', 'Assembly Member', '', 'no_image.jpg')
    RETURNING id
),
m AS (
  INSERT INTO public.member(person_id, chamber, incumbent, full_name)
    VALUES ((SELECT id from p), 'assembly', true, 'Phara Souffrant Forrest')
    RETURNING id
)

INSERT INTO public.session_member(member_id, lbdc_short_name, session_year, district_code)
  VALUES ((SELECT id from m), 'SOUFFRANT FORREST', 2021, 57);


WITH p AS (
  INSERT into public.person(full_name, first_name, middle_name, last_name, email, prefix, suffix, img_name)
    VALUES ('Michael Tannousis', 'Michael', '', 'Tannousis', '', 'Assembly Member', '', 'no_image.jpg')
    RETURNING id
),
m AS (
  INSERT INTO public.member(person_id, chamber, incumbent, full_name)
    VALUES ((SELECT id from p), 'assembly', true, 'Michael Tannousis')
    RETURNING id
)

INSERT INTO public.session_member(member_id, lbdc_short_name, session_year, district_code)
  VALUES ((SELECT id from m), 'TANNOUSIS', 2021, 64);


WITH p AS (
  INSERT into public.person(full_name, first_name, middle_name, last_name, email, prefix, suffix, img_name)
    VALUES ('Chantel Jackson', 'Chantel', '', 'Jackson', '', 'Assembly Member', '', 'no_image.jpg')
    RETURNING id
),
m AS (
  INSERT INTO public.member(person_id, chamber, incumbent, full_name)
    VALUES ((SELECT id from p), 'assembly', true, 'Chantel Jackson')
    RETURNING id
)

INSERT INTO public.session_member(member_id, lbdc_short_name, session_year, district_code)
  VALUES ((SELECT id from m), 'JACKSON', 2021, 79);


WITH p AS (
  INSERT into public.person(full_name, first_name, middle_name, last_name, email, prefix, suffix, img_name)
    VALUES ('Amanda Septimo', 'Amanda', '', 'Septimo', '', 'Assembly Member', '', 'no_image.jpg')
    RETURNING id
),
m AS (
  INSERT INTO public.member(person_id, chamber, incumbent, full_name)
    VALUES ((SELECT id from p), 'assembly', true, 'Amanda Septimo')
    RETURNING id
)

INSERT INTO public.session_member(member_id, lbdc_short_name, session_year, district_code)
  VALUES ((SELECT id from m), 'SEPTIMO', 2021, 84);


WITH p AS (
  INSERT into public.person(full_name, first_name, middle_name, last_name, email, prefix, suffix, img_name)
    VALUES ('Chris Burdick', 'Chris', '', 'Burdick', '', 'Assembly Member', '', 'no_image.jpg')
    RETURNING id
),
m AS (
  INSERT INTO public.member(person_id, chamber, incumbent, full_name)
    VALUES ((SELECT id from p), 'assembly', true, 'Chris Burdick')
    RETURNING id
)

INSERT INTO public.session_member(member_id, lbdc_short_name, session_year, district_code)
  VALUES ((SELECT id from m), 'BURDICK', 2021, 93);


WITH p AS (
  INSERT into public.person(full_name, first_name, middle_name, last_name, email, prefix, suffix, img_name)
    VALUES ('Michael Lawler', 'Michael', '', 'Lawler', '', 'Assembly Member', '', 'no_image.jpg')
    RETURNING id
),
m AS (
  INSERT INTO public.member(person_id, chamber, incumbent, full_name)
    VALUES ((SELECT id from p), 'assembly', true, 'Michael Lawler')
    RETURNING id
)

INSERT INTO public.session_member(member_id, lbdc_short_name, session_year, district_code)
  VALUES ((SELECT id from m), 'LAWLER', 2021, 97);


WITH p AS (
  INSERT into public.person(full_name, first_name, middle_name, last_name, email, prefix, suffix, img_name)
    VALUES ('Matthew Simpson', 'Matthew', '', 'Simpson', '', 'Assembly Member', '', 'no_image.jpg')
    RETURNING id
),
m AS (
  INSERT INTO public.member(person_id, chamber, incumbent, full_name)
    VALUES ((SELECT id from p), 'assembly', true, 'Matthew Simpson')
    RETURNING id
)

INSERT INTO public.session_member(member_id, lbdc_short_name, session_year, district_code)
  VALUES ((SELECT id from m), 'SIMPSON', 2021, 114);


WITH p AS (
  INSERT into public.person(full_name, first_name, middle_name, last_name, email, prefix, suffix, img_name)
    VALUES ('Joe Angelino', 'Joe', '', 'Angelino', '', 'Assembly Member', '', 'no_image.jpg')
    RETURNING id
),
m AS (
  INSERT INTO public.member(person_id, chamber, incumbent, full_name)
    VALUES ((SELECT id from p), 'assembly', true, 'Joe Angelino')
    RETURNING id
)

INSERT INTO public.session_member(member_id, lbdc_short_name, session_year, district_code)
  VALUES ((SELECT id from m), 'ANGELINO', 2021, 122);


WITH p AS (
  INSERT into public.person(full_name, first_name, middle_name, last_name, email, prefix, suffix, img_name)
    VALUES ('Anna Kelles', 'Anna', '', 'Kelles', '', 'Assembly Member', '', 'no_image.jpg')
    RETURNING id
),
m AS (
  INSERT INTO public.member(person_id, chamber, incumbent, full_name)
    VALUES ((SELECT id from p), 'assembly', true, 'Anna Kelles')
    RETURNING id
)

INSERT INTO public.session_member(member_id, lbdc_short_name, session_year, district_code)
  VALUES ((SELECT id from m), 'KELLES', 2021, 125);


WITH p AS (
  INSERT into public.person(full_name, first_name, middle_name, last_name, email, prefix, suffix, img_name)
    VALUES ('John Lemondes', 'John', '', 'Lemondes', '', 'Assembly Member', '', 'no_image.jpg')
    RETURNING id
),
m AS (
  INSERT INTO public.member(person_id, chamber, incumbent, full_name)
    VALUES ((SELECT id from p), 'assembly', true, 'John Lemondes')
    RETURNING id
)

INSERT INTO public.session_member(member_id, lbdc_short_name, session_year, district_code)
  VALUES ((SELECT id from m), 'LEMONDES', 2021, 126);


WITH p AS (
  INSERT into public.person(full_name, first_name, middle_name, last_name, email, prefix, suffix, img_name)
    VALUES ('Jeff Gallahan', 'Jeff', '', 'Gallahan', '', 'Assembly Member', '', 'no_image.jpg')
    RETURNING id
),
m AS (
  INSERT INTO public.member(person_id, chamber, incumbent, full_name)
    VALUES ((SELECT id from p), 'assembly', true, 'Jeff Gallahan')
    RETURNING id
)

INSERT INTO public.session_member(member_id, lbdc_short_name, session_year, district_code)
  VALUES ((SELECT id from m), 'GALLAHAN', 2021, 131);


WITH p AS (
  INSERT into public.person(full_name, first_name, middle_name, last_name, email, prefix, suffix, img_name)
    VALUES ('Josh Jensen', 'Josh', '', 'Jensen', '', 'Assembly Member', '', 'no_image.jpg')
    RETURNING id
),
m AS (
  INSERT INTO public.member(person_id, chamber, incumbent, full_name)
    VALUES ((SELECT id from p), 'assembly', true, 'Josh Jensen')
    RETURNING id
)

INSERT INTO public.session_member(member_id, lbdc_short_name, session_year, district_code)
  VALUES ((SELECT id from m), 'JENSEN', 2021, 134);


WITH p AS (
  INSERT into public.person(full_name, first_name, middle_name, last_name, email, prefix, suffix, img_name)
    VALUES ('Jen Lunsford', 'Jen', '', 'Lunsford', '', 'Assembly Member', '', 'no_image.jpg')
    RETURNING id
),
m AS (
  INSERT INTO public.member(person_id, chamber, incumbent, full_name)
    VALUES ((SELECT id from p), 'assembly', true, 'Jen Lunsford')
    RETURNING id
)

INSERT INTO public.session_member(member_id, lbdc_short_name, session_year, district_code)
  VALUES ((SELECT id from m), 'LUNSFORD', 2021, 135);


WITH p AS (
  INSERT into public.person(full_name, first_name, middle_name, last_name, email, prefix, suffix, img_name)
    VALUES ('William Conrad', 'William', '', 'Conrad', '', 'Assembly Member', '', 'no_image.jpg')
    RETURNING id
),
m AS (
  INSERT INTO public.member(person_id, chamber, incumbent, full_name)
    VALUES ((SELECT id from p), 'assembly', true, 'William Conrad')
    RETURNING id
)

INSERT INTO public.session_member(member_id, lbdc_short_name, session_year, district_code)
  VALUES ((SELECT id from m), 'CONRAD', 2021, 140);


WITH p AS (
  INSERT into public.person(full_name, first_name, middle_name, last_name, email, prefix, suffix, img_name)
    VALUES ('Jonathan Rivera', 'Jonathan', '', 'Rivera', '', 'Assembly Member', '', 'no_image.jpg')
    RETURNING id
),
m AS (
  INSERT INTO public.member(person_id, chamber, incumbent, full_name)
    VALUES ((SELECT id from p), 'assembly', true, 'Jonathan Rivera')
    RETURNING id
)

INSERT INTO public.session_member(member_id, lbdc_short_name, session_year, district_code)
  VALUES ((SELECT id from m), 'RIVERA JD', 2021, 149);



-- Senate members
INSERT INTO public.session_member(member_id, lbdc_short_name, session_year, district_code)
VALUES
(384, 'ADDABBO', 2021, 15),
(913, 'AKSHAR', 2021, 52),
(1102, 'BAILEY', 2021, 36),
(1136, 'BENJAMIN', 2021, 30),
(1231, 'BIAGGI', 2021, 34),
(1370, 'BORRELLO', 2021, 57),
(433, 'BOYLE', 2021, 4),
(372, 'BRESLIN', 2021, 44),
(1101, 'BROOKS', 2021, 8),
(888, 'COMRIE', 2021, 14),
(439, 'FELDER', 2021, 17),
(427, 'GALLIVAN', 2021, 59),
(1222, 'GAUGHRAN', 2021, 5),
(383, 'GIANARIS', 2021, 12),
(1229, 'GOUNARDES', 2021, 22),
(393, 'GRIFFO', 2021, 47),
(1233, 'HARCKHAM', 2021, 40),
(951, 'HELMING', 2021, 54),
(438, 'HOYLMAN', 2021, 27),
(1230, 'JACKSON', 2021, 31),
(1235, 'JORDAN', 2021, 43),
(918, 'KAMINSKY', 2021, 9),
(1224, 'KAPLAN', 2021, 7),
(1140, 'KAVANAGH', 2021, 26),
(429, 'KENNEDY', 2021, 63),
(401, 'KRUEGER', 2021, 28),
(409, 'LANZA', 2021, 24),
(1225, 'LIU', 2021, 11),
(1237, 'MAY', 2021, 53),
(1143, 'MAYER', 2021, 37),
(1228, 'MYRIE', 2021, 20),
(415, 'O''MARA', 2021, 58),
(885, 'ORTT', 2021, 62),
(416, 'PARKER', 2021, 21),
(914, 'PERSAUD', 2021, 19),
(1226, 'RAMOS', 2021, 13),
(423, 'RITCHIE', 2021, 48),
(377, 'RIVERA', 2021, 33),
(1227, 'SALAZAR', 2021, 18),
(432, 'SANDERS', 2021, 10),
(403, 'SAVINO', 2021, 23),
(1142, 'SEPULVEDA', 2021, 32),
(890, 'SERINO', 2021, 41),
(373, 'SERRANO', 2021, 29),
(1232, 'SKOUFIS', 2021, 39),
(400, 'STAVISKY', 2021, 16),
(396, 'STEWART-COUSINS', 2021, 35),
(1103, 'TEDISCO', 2021, 49),
(1223, 'THOMAS', 2021, 6)
ON CONFLICT DO NOTHING;

-- Insert Senate members who came from the Assembly

WITH m AS (
  INSERT INTO public.member(person_id, chamber, incumbent, full_name)
    VALUES (488, 'senate', true, 'Anthony H. Palumbo')
    RETURNING id
)

INSERT INTO public.session_member(member_id, lbdc_short_name, session_year, district_code)
  VALUES ((SELECT id from m), 'PALUMBO', 2021, 1);


WITH m AS (
  INSERT INTO public.member(person_id, chamber, incumbent, full_name)
    VALUES (496, 'senate', true, 'Dan Stec')
    RETURNING id
)

INSERT INTO public.session_member(member_id, lbdc_short_name, session_year, district_code)
  VALUES ((SELECT id from m), 'STEC', 2021, 45);


WITH m AS (
  INSERT INTO public.member(person_id, chamber, incumbent, full_name)
    VALUES (460, 'senate', true, 'Sean Ryan')
    RETURNING id
)

INSERT INTO public.session_member(member_id, lbdc_short_name, session_year, district_code)
  VALUES ((SELECT id from m), 'RYAN', 2021, 60);

-- Insert new Senate members

WITH p AS (
  INSERT into public.person(full_name, first_name, middle_name, last_name, email, prefix, suffix, img_name)
    VALUES ('Mario Mattera', 'Mario', '', 'Mattera', '', 'Senator', '', 'no_image.jpg')
    RETURNING id
),
m AS (
  INSERT INTO public.member(person_id, chamber, incumbent, full_name)
    VALUES ((SELECT id from p), 'senate', true, 'Mario Mattera')
    RETURNING id
)

INSERT INTO public.session_member(member_id, lbdc_short_name, session_year, district_code)
  VALUES ((SELECT id from m), 'MATTERA', 2021, 2);


WITH p AS (
  INSERT into public.person(full_name, first_name, middle_name, last_name, email, prefix, suffix, img_name)
    VALUES ('Alexis Weik', 'Alexis', '', 'Weik', '', 'Senator', '', 'no_image.jpg')
    RETURNING id
),
m AS (
  INSERT INTO public.member(person_id, chamber, incumbent, full_name)
    VALUES ((SELECT id from p), 'senate', true, 'Alexis Weik')
    RETURNING id
)

INSERT INTO public.session_member(member_id, lbdc_short_name, session_year, district_code)
  VALUES ((SELECT id from m), 'WEIK', 2021, 3);


WITH p AS (
  INSERT into public.person(full_name, first_name, middle_name, last_name, email, prefix, suffix, img_name)
    VALUES ('Jabari Brisport', 'Jabari', '', 'Brisport', '', 'Senator', '', 'no_image.jpg')
    RETURNING id
),
m AS (
  INSERT INTO public.member(person_id, chamber, incumbent, full_name)
    VALUES ((SELECT id from p), 'senate', true, 'Jabari Brisport')
    RETURNING id
)

INSERT INTO public.session_member(member_id, lbdc_short_name, session_year, district_code)
  VALUES ((SELECT id from m), 'BRISPORT', 2021, 25);


WITH p AS (
  INSERT into public.person(full_name, first_name, middle_name, last_name, email, prefix, suffix, img_name)
    VALUES ('Elijah Reichlin-Melnick', 'Elijah', '', 'Reichlin-Melnick', '', 'Senator', '', 'no_image.jpg')
    RETURNING id
),
m AS (
  INSERT INTO public.member(person_id, chamber, incumbent, full_name)
    VALUES ((SELECT id from p), 'senate', true, 'Elijah Reichlin-Melnick')
    RETURNING id
)

INSERT INTO public.session_member(member_id, lbdc_short_name, session_year, district_code)
  VALUES ((SELECT id from m), 'REICHLIN-MELNICK', 2021, 38);


WITH p AS (
  INSERT into public.person(full_name, first_name, middle_name, last_name, email, prefix, suffix, img_name)
    VALUES ('Mike Martucci', 'Mike', '', 'Martucci', '', 'Senator', '', 'no_image.jpg')
    RETURNING id
),
m AS (
  INSERT INTO public.member(person_id, chamber, incumbent, full_name)
    VALUES ((SELECT id from p), 'senate', true, 'Mike Martucci')
    RETURNING id
)

INSERT INTO public.session_member(member_id, lbdc_short_name, session_year, district_code)
  VALUES ((SELECT id from m), 'MARTUCCI', 2021, 42);


WITH p AS (
  INSERT into public.person(full_name, first_name, middle_name, last_name, email, prefix, suffix, img_name)
    VALUES ('Michelle Hinchey', 'Michelle', '', 'Hinchey', '', 'Senator', '', 'no_image.jpg')
    RETURNING id
),
m AS (
  INSERT INTO public.member(person_id, chamber, incumbent, full_name)
    VALUES ((SELECT id from p), 'senate', true, 'Michelle Hinchey')
    RETURNING id
)

INSERT INTO public.session_member(member_id, lbdc_short_name, session_year, district_code)
  VALUES ((SELECT id from m), 'HINCHEY', 2021, 46);


WITH p AS (
  INSERT into public.person(full_name, first_name, middle_name, last_name, email, prefix, suffix, img_name)
    VALUES ('John Mannion', 'John', '', 'Mannion', '', 'Senator', '', 'no_image.jpg')
    RETURNING id
),
m AS (
  INSERT INTO public.member(person_id, chamber, incumbent, full_name)
    VALUES ((SELECT id from p), 'senate', true, 'John Mannion')
    RETURNING id
)

INSERT INTO public.session_member(member_id, lbdc_short_name, session_year, district_code)
  VALUES ((SELECT id from m), 'MANNION', 2019, 50),
         ((SELECT id from m), 'MANNION', 2021, 50);


WITH p AS (
  INSERT into public.person(full_name, first_name, middle_name, last_name, email, prefix, suffix, img_name)
    VALUES ('Peter Oberacker', 'Peter', '', 'Oberacker', '', 'Senator', '', 'no_image.jpg')
    RETURNING id
),
m AS (
  INSERT INTO public.member(person_id, chamber, incumbent, full_name)
    VALUES ((SELECT id from p), 'senate', true, 'Peter Oberacker')
    RETURNING id
)

INSERT INTO public.session_member(member_id, lbdc_short_name, session_year, district_code)
  VALUES ((SELECT id from m), 'OBERACKER', 2021, 51);


WITH p AS (
  INSERT into public.person(full_name, first_name, middle_name, last_name, email, prefix, suffix, img_name)
    VALUES ('Samra Brouk', 'Samra', '', 'Brouk', '', 'Senator', '', 'no_image.jpg')
    RETURNING id
),
m AS (
  INSERT INTO public.member(person_id, chamber, incumbent, full_name)
    VALUES ((SELECT id from p), 'senate', true, 'Samra Brouk')
    RETURNING id
)

INSERT INTO public.session_member(member_id, lbdc_short_name, session_year, district_code)
  VALUES ((SELECT id from m), 'BROUK', 2021, 55);


WITH p AS (
  INSERT into public.person(full_name, first_name, middle_name, last_name, email, prefix, suffix, img_name)
    VALUES ('Jeremy Cooney', 'Jeremy', '', 'Cooney', '', 'Senator', '', 'no_image.jpg')
    RETURNING id
),
m AS (
  INSERT INTO public.member(person_id, chamber, incumbent, full_name)
    VALUES ((SELECT id from p), 'senate', true, 'Jeremy Cooney')
    RETURNING id
)

INSERT INTO public.session_member(member_id, lbdc_short_name, session_year, district_code)
  VALUES ((SELECT id from m), 'COONEY', 2021, 56);


WITH p AS (
  INSERT into public.person(full_name, first_name, middle_name, last_name, email, prefix, suffix, img_name)
    VALUES ('Edward Rath', 'Edward', '', 'Rath', '', 'Senator', '', 'no_image.jpg')
    RETURNING id
),
m AS (
  INSERT INTO public.member(person_id, chamber, incumbent, full_name)
    VALUES ((SELECT id from p), 'senate', true, 'Edward Rath')
    RETURNING id
)

INSERT INTO public.session_member(member_id, lbdc_short_name, session_year, district_code)
  VALUES ((SELECT id from m), 'RATH', 2021, 61);
